case_index,q,k,d,alfa,n,theta_r,theta_s,time,toplayer_pressure
0,0.0018981672096714955,0.0026,7.0,1.9,1.31,0.095,0.41,486.0,-0.001050403528910405
2,0.012416903480597557,0.0131,1.0,5.9,1.48,0.1,0.39,20.0,-8.740257598286417e-05
3,0.006788939455905079,0.044208332999999995,1.0,7.5,1.89,0.065,0.41,60.0,-0.09069225426659727
4,0.0009756614531185283,0.0025,8.0,1.6,1.37,0.034,0.46,1621.0,-0.0447127097013866
5,0.004282453537323624,0.0045,10.0,2.0,1.41,0.067,0.45,508.0,-5.87293419248959e-05
6,0.030508461406144206,0.145916667,10.0,12.4,2.28,0.057,0.41,111.0,-0.056794812022001095
7,0.00016267737313479952,0.0131,7.0,5.9,1.48,0.1,0.39,5962.0,-0.27329091566055647
8,0.00025287960392929076,0.0131,5.0,5.9,1.48,0.1,0.39,2868.0,-0.22685024975626705
10,0.0005459062385648594,0.0007,7.0,1.0,1.23,0.08900000000000001,0.43,1101.5,-8.851406717144447e-05
12,0.0007041212473291042,0.0026,7.0,1.9,1.31,0.095,0.41,1308.0,-0.05043743609483001
13,0.0016457705061680527,0.044208332999999995,1.0,7.5,1.89,0.065,0.41,164.0,-0.1646203434761603
14,0.0012993110186911544,0.002,5.0,0.8,1.09,0.068,0.38,109.0,-1.525087840402831e-08
15,0.001306851129841795,0.0045,7.0,2.0,1.41,0.067,0.45,1063.0,-0.07840828734558254
16,0.0005977699707397192,0.0007,5.0,1.0,1.23,0.08900000000000001,0.43,607.5,-1.3537396985839017e-05
17,0.0010901407762358732,0.0025,1.0,1.6,1.37,0.034,0.46,90.0,-0.033967839893666314
18,9.131706047728183e-05,0.0002,6.0,0.5,1.09,0.07,0.36,1321.0,-7.361127435722222e-06
19,0.003994334406692724,0.0131,9.0,5.9,1.48,0.1,0.39,490.0,-0.033076944965010034
20,0.0012637596973359513,0.002,5.0,0.8,1.09,0.068,0.38,111.0,-2.8306046441884248e-08
21,0.1171010867723864,0.297,9.0,14.5,2.68,0.045,0.43,41.0,-0.039990452255761734
22,0.17967568375400972,0.297,10.0,14.5,2.68,0.045,0.43,33.0,-0.0282596521112071
24,0.0007866629652740467,0.0012,6.0,2.7,1.23,0.1,0.38,766.0,-0.0002729831133473455
25,0.042423818685729676,0.044208332999999995,9.0,7.5,1.89,0.065,0.41,76.0,-0.0016779550522844034
26,0.0019636590034081735,0.0026,9.0,1.9,1.31,0.095,0.41,654.0,-0.0007466633127120882
27,0.00539486460478084,0.0104,6.0,3.6,1.56,0.078,0.43,279.0,-0.02875080766832432
28,0.0367253709671007,0.044208332999999995,1.0,7.5,1.89,0.065,0.41,17.0,-0.008708132224327631
29,0.001125690147707837,0.0025,10.0,1.6,1.37,0.034,0.46,1876.0,-0.03114857772215813
30,7.166606426029443e-05,0.0002,1.0,0.5,1.09,0.07,0.36,76.0,-7.875063702994242e-05
31,0.0018231346229500521,0.0045,7.0,2.0,1.41,0.067,0.45,761.0,-0.0428884072980542
32,0.25065741782202144,0.297,1.0,14.5,2.68,0.045,0.43,11.0,-0.015297506590920738
33,9.844620771373677e-05,0.0002,1.0,0.5,1.09,0.07,0.36,58.0,-2.9214211249701963e-06
36,0.02181411153428627,0.145916667,1.0,12.4,2.28,0.057,0.41,31.0,-0.06578318758324628
37,0.000878334556396998,0.002,8.0,0.8,1.09,0.068,0.38,313.0,-7.123457374913756e-06
38,0.00944234882513326,0.0131,5.0,5.9,1.48,0.1,0.39,113.0,-0.0032989221910627877
39,0.0004085888302385611,0.0025,4.0,1.6,1.37,0.034,0.46,1657.0,-0.16922905691590973
40,0.001472923991808436,0.0025,6.0,1.6,1.37,0.034,0.46,725.0,-0.012116707590664692
41,0.0024381293983786285,0.0026,3.0,1.9,1.31,0.095,0.41,119.75,-7.635168895679877e-06
42,0.0029507223659587067,0.0104,5.0,3.6,1.56,0.078,0.43,408.0,-0.07554014371418918
43,0.0031610764240083133,0.0045,7.0,2.0,1.41,0.067,0.45,436.0,-0.005887573205573778
44,0.011344414384057661,0.044208332999999995,2.0,7.5,1.89,0.065,0.41,66.0,-0.06607568246238221
45,0.0004018540761302897,0.0007,1.0,1.0,1.23,0.08900000000000001,0.43,66.0,-0.0021061038845154602
46,4.6421553461309106e-05,0.0002,6.0,0.5,1.09,0.07,0.36,2587.0,-0.001346208970043406
47,0.03866503576839295,0.145916667,7.0,12.4,2.28,0.057,0.41,70.0,-0.05030821793713857
49,0.0009707221247841148,0.0026,7.0,1.9,1.31,0.095,0.41,948.0,-0.025242456503193986
50,0.0015552776554141263,0.0025,6.0,1.6,1.37,0.034,0.46,686.0,-0.009356794659118638
51,0.004063929697261678,0.044208332999999995,4.0,7.5,1.89,0.065,0.41,262.0,-0.11610904780459007
52,0.033670731103908884,0.044208332999999995,9.0,7.5,1.89,0.065,0.41,96.0,-0.013091794107947734
54,0.26584713872265553,0.297,2.0,14.5,2.68,0.045,0.43,12.0,-0.01198151780163363
55,7.430147309347587e-05,0.0002,6.0,0.5,1.09,0.07,0.36,1621.0,-5.7984941409804216e-05
57,5.987228258497674e-05,0.0002,1.0,0.5,1.09,0.07,0.36,90.0,-0.00030090802221118364
58,0.0006961924453514695,0.0104,6.0,3.6,1.56,0.078,0.43,1816.0,-0.22224308137239943
59,6.153238526678144e-05,0.0002,10.0,0.5,1.09,0.07,0.36,4428.0,-0.0002497358800886211
60,0.0037700998701069932,0.0104,6.0,3.6,1.56,0.078,0.43,396.0,-0.05525411961016093
61,0.0008751312738802816,0.0026,9.0,1.9,1.31,0.095,0.41,1460.0,-0.032429218008344855
62,0.0017425266380602226,0.0025,9.0,1.6,1.37,0.034,0.46,1054.0,-0.004805938578338578
63,0.001089995795975469,0.0045,2.0,2.0,1.41,0.067,0.45,290.0,-0.10102988220399542
64,0.011637011838217673,0.297,10.0,14.5,2.68,0.045,0.43,196.0,-0.08745009878463167
65,0.10500525296239857,0.297,5.0,14.5,2.68,0.045,0.43,31.0,-0.0426039644742166
66,0.0033883100695187673,0.0045,1.0,2.0,1.41,0.067,0.45,31.0,-0.003597441361475028
67,0.0005420780787409185,0.0007,1.0,1.0,1.23,0.08900000000000001,0.43,50.5,-9.918848035666074e-05
68,0.18991274857348614,0.297,3.0,14.5,2.68,0.045,0.43,18.0,-0.026466756714808286
69,0.007061223635740152,0.0104,1.0,3.6,1.56,0.078,0.43,31.0,-0.012474941531276434
70,0.0004149440769415453,0.0012,3.0,2.7,1.23,0.1,0.38,559.0,-0.007872108126026327
71,0.00186812788748125,0.0026,6.0,1.9,1.31,0.095,0.41,402.0,-0.0012167674238124536
72,0.004230893605031187,0.0104,10.0,3.6,1.56,0.078,0.43,629.0,-0.04626337505636517
73,0.019537373204885633,0.044208332999999995,2.0,7.5,1.89,0.065,0.41,43.0,-0.04006479779152766
74,0.00062822477056467,0.0025,10.0,1.6,1.37,0.034,0.46,3354.0,-0.09945462639394216
75,0.0003624445634866195,0.0007,1.0,1.0,1.23,0.08900000000000001,0.43,74.0,-0.00397550270532778
76,0.0011453290110508229,0.002,3.0,0.8,1.09,0.068,0.38,56.0,-1.8851868139348328e-07
77,0.005939406167498308,0.0104,7.0,3.6,1.56,0.078,0.43,303.0,-0.02248515238716196
78,0.12031260723882285,0.297,7.0,14.5,2.68,0.045,0.43,34.0,-0.039324814567150965
79,0.006929395513307963,0.0104,4.0,3.6,1.56,0.078,0.43,137.0,-0.013473381974927971
81,0.026003603391636956,0.044208332999999995,6.0,7.5,1.89,0.065,0.41,84.0,-0.02605794706135357
82,0.1198501623367606,0.145916667,1.0,12.4,2.28,0.057,0.41,13.0,-0.012570028075699327
84,6.35963419487932e-05,0.0002,10.0,0.5,1.09,0.07,0.36,4285.0,-0.0001979052492267427
85,0.10582844207490275,0.297,1.0,14.5,2.68,0.045,0.43,18.0,-0.042420139387671564
86,0.0008138272142342027,0.0104,6.0,3.6,1.56,0.078,0.43,1589.0,-0.20407980149909433
87,0.0010570295195177829,0.0012,3.0,2.7,1.23,0.1,0.38,223.0,-2.002798122489178e-06
88,0.0024266706950124835,0.0026,1.0,1.9,1.31,0.095,0.41,27.5,-9.555650430051396e-06
89,0.09619946975212809,0.145916667,10.0,12.4,2.28,0.057,0.41,48.0,-0.02180959942742915
90,0.0017007376254809029,0.0045,9.0,2.0,1.41,0.067,0.45,1118.0,-0.049602518750168086
91,0.0007795716784046054,0.0045,1.0,2.0,1.41,0.067,0.45,199.0,-0.14674832944397223
92,0.0005878549042038464,0.0012,4.0,2.7,1.23,0.1,0.38,590.0,-0.001977104163979908
94,0.10475282275479678,0.297,6.0,14.5,2.68,0.045,0.43,34.0,-0.042660523395695135
95,0.009885182549309266,0.0131,10.0,5.9,1.48,0.1,0.39,232.0,-0.0024661176658644693
96,0.00610324992131697,0.0104,5.0,3.6,1.56,0.078,0.43,201.0,-0.020794859720159386
97,0.0004252594305269487,0.0012,3.0,2.7,1.23,0.1,0.38,546.0,-0.007282614747624758
98,0.00016360211253891885,0.0007,1.0,1.0,1.23,0.08900000000000001,0.43,239.0,-0.057463804236749516
99,0.00035161826486157266,0.0007,4.0,1.0,1.23,0.08900000000000001,0.43,728.0,-0.004687892213060324
100,0.008701378535182491,0.0131,10.0,5.9,1.48,0.1,0.39,262.0,-0.005037906502449961
101,0.0021452879301508405,0.0045,2.0,2.0,1.41,0.067,0.45,126.0,-0.028789404440895172
102,0.005947999002903938,0.145916667,2.0,12.4,2.28,0.057,0.41,96.0,-0.10095209750272152
103,0.0075584233285985215,0.0131,8.0,5.9,1.48,0.1,0.39,235.0,-0.008713910275221583
104,0.28496784368650735,0.297,2.0,14.5,2.68,0.045,0.43,11.0,-0.006756911679915159
105,0.016321349286971546,0.044208332999999995,2.0,7.5,1.89,0.065,0.41,50.0,-0.048725842094202255
107,0.0005161757731622485,0.0012,6.0,2.7,1.23,0.1,0.38,1163.0,-0.0035898926623972676
108,0.033730171708485863,0.044208332999999995,10.0,7.5,1.89,0.065,0.41,106.0,-0.013002621818715754
109,0.003689349144662995,0.0045,9.0,2.0,1.41,0.067,0.45,516.0,-0.0015861994603830363
110,0.00043379520886678856,0.0026,6.0,1.9,1.31,0.095,0.41,1739.0,-0.10389443840805199
111,0.12831133836157269,0.297,8.0,14.5,2.68,0.045,0.43,36.0,-0.03771008248906014
112,0.008921473334283938,0.0104,6.0,3.6,1.56,0.078,0.43,170.0,-0.002642546466276866
113,0.0028228099357294934,0.0104,6.0,3.6,1.56,0.078,0.43,521.0,-0.07936375126751606
114,0.0015821148228667109,0.0026,4.0,1.9,1.31,0.095,0.41,272.0,-0.003977956138640124
115,0.0011478478699933107,0.0026,6.0,1.9,1.31,0.095,0.41,652.0,-0.01560026528391529
116,0.19057962078191798,0.297,3.0,14.5,2.68,0.045,0.43,18.0,-0.026350109243296588
117,0.14365163378111873,0.297,6.0,14.5,2.68,0.045,0.43,28.0,-0.0347542463754026
119,0.010015024553039998,0.145916667,7.0,12.4,2.28,0.057,0.41,182.0,-0.08657402906447197
120,0.06907174995984051,0.297,8.0,14.5,2.68,0.045,0.43,52.0,-0.051904783170464125
121,0.00952876862144871,0.0131,4.0,5.9,1.48,0.1,0.39,89.0,-0.003124896237039582
122,0.0005732912969777258,0.0045,9.0,2.0,1.41,0.067,0.45,3182.0,-0.19693706993429688
123,5.887656753722867e-05,0.0002,4.0,0.5,1.09,0.07,0.36,1035.0,-0.00033641456166548164
124,0.0021699142409810487,0.0045,7.0,2.0,1.41,0.067,0.45,638.0,-0.027891020972655486
126,0.0380622743572275,0.044208332999999995,5.0,7.5,1.89,0.065,0.41,50.0,-0.006916747176008108
128,0.001722337154685337,0.0131,1.0,5.9,1.48,0.1,0.39,113.0,-0.07769981470793451
129,0.09820800313075019,0.297,6.0,14.5,2.68,0.045,0.43,35.0,-0.04416021891588969
130,0.006964133744787418,0.0131,8.0,5.9,1.48,0.1,0.39,254.0,-0.01119788080001876
131,0.0032909285743280376,0.0131,6.0,5.9,1.48,0.1,0.39,376.0,-0.04228669384256842
132,5.645557153547553e-05,0.0002,6.0,0.5,1.09,0.07,0.36,2130.0,-0.00044091463232386714
133,0.00216146621166331,0.0045,3.0,2.0,1.41,0.067,0.45,212.0,-0.02819666362110651
134,0.00022949264384982041,0.0012,8.0,2.7,1.23,0.1,0.38,3783.0,-0.03134403261201587
135,0.002258694527513681,0.0026,7.0,1.9,1.31,0.095,0.41,410.0,-8.994551221212217e-05
136,0.004669647356202011,0.0104,8.0,3.6,1.56,0.078,0.43,446.0,-0.038896909932704705
137,0.24708699672285536,0.297,8.0,14.5,2.68,0.045,0.43,23.0,-0.01602353494760082
138,0.0015705574542594094,0.002,1.0,0.8,1.09,0.068,0.38,13.25,-4.086177446731764e-11
139,0.006912930806078117,0.0104,10.0,3.6,1.56,0.078,0.43,390.0,-0.013601138196458784
140,0.0006988812663633386,0.0012,1.0,2.7,1.23,0.1,0.38,69.0,-0.0007062686927664063
141,0.0005755169656318111,0.0007,5.0,1.0,1.23,0.08900000000000001,0.43,630.0,-3.315344328981121e-05
145,0.005307329401603204,0.0104,1.0,3.6,1.56,0.078,0.43,42.0,-0.029853383137104127
146,0.0375845377298514,0.044208332999999995,5.0,7.5,1.89,0.065,0.41,51.0,-0.007548001932269767
147,0.0010028199264841995,0.0045,4.0,2.0,1.41,0.067,0.45,702.0,-0.11212075467806287
148,0.013343672039361681,0.145916667,3.0,12.4,2.28,0.057,0.41,76.0,-0.07885918334150437
149,0.040447431654000436,0.044208332999999995,4.0,7.5,1.89,0.065,0.41,39.0,-0.003923032502158272
151,0.004999807585789552,0.0104,4.0,3.6,1.56,0.078,0.43,190.0,-0.033994614106301925
152,0.001017487072015591,0.0025,3.0,1.6,1.37,0.034,0.46,413.0,-0.040499084823930914
153,0.02990506032727585,0.044208332999999995,1.0,7.5,1.89,0.065,0.41,20.0,-0.01907411774475005
154,0.0003431293845725091,0.0007,10.0,1.0,1.23,0.08900000000000001,0.43,2929.0,-0.005321295961339151
155,0.0004857969919885242,0.0025,4.0,1.6,1.37,0.034,0.46,1379.0,-0.1393786080077066
156,0.00010507210604115944,0.0002,9.0,0.5,1.09,0.07,0.36,2203.0,-1.1873892682953518e-06
157,0.0005415676589891113,0.0007,6.0,1.0,1.23,0.08900000000000001,0.43,883.0,-0.0001006863498070167
158,0.263234356092107,0.297,10.0,14.5,2.68,0.045,0.43,25.0,-0.012585288548137542
159,0.040088415920519135,0.145916667,1.0,12.4,2.28,0.057,0.41,24.0,-0.049302336431789384
160,0.0009288875550439686,0.002,1.0,0.8,1.09,0.068,0.38,19.0,-3.76605754866405e-06
162,0.00013234042305278995,0.0002,9.0,0.5,1.09,0.07,0.36,1749.5,-1.5802862111339233e-08
163,0.06146489737773291,0.145916667,8.0,12.4,2.28,0.057,0.41,56.0,-0.0368799675204765
164,0.01003895537689536,0.0131,6.0,5.9,1.48,0.1,0.39,131.0,-0.0022101389804201625
165,0.0018487217974464407,0.0025,4.0,1.6,1.37,0.034,0.46,326.0,-0.0030799469861659996
166,0.0006958615842439764,0.0026,5.0,1.9,1.31,0.095,0.41,850.0,-0.05152528120748733
167,0.0004785946420858351,0.0025,9.0,1.6,1.37,0.034,0.46,3833.0,-0.14186252517334144
168,0.003404237469018003,0.0131,2.0,5.9,1.48,0.1,0.39,113.0,-0.04062769361014
169,8.21357415176738e-05,0.0007,1.0,1.0,1.23,0.08900000000000001,0.43,604.0,-0.16936163884385258
170,8.391423408549319e-05,0.0007,3.0,1.0,1.23,0.08900000000000001,0.43,2430.0,-0.16993146557653166
172,0.001012483743646282,0.0012,7.0,2.7,1.23,0.1,0.38,730.75,-6.813173912026732e-06
173,0.0016933700742449748,0.0104,8.0,3.6,1.56,0.078,0.43,1144.0,-0.1265430374198291
174,0.001012719829878198,0.0012,4.0,2.7,1.23,0.1,0.38,345.5,-6.7743131418607945e-06
175,0.0017115961880789863,0.0025,8.0,1.6,1.37,0.034,0.46,918.0,-0.005414243179100575
176,0.002358447038801625,0.0045,7.0,2.0,1.41,0.067,0.45,586.0,-0.021716944990679284
177,0.04396653029763888,0.145916667,1.0,12.4,2.28,0.057,0.41,23.0,-0.04670818010166559
178,0.0074119210513384805,0.0131,4.0,5.9,1.48,0.1,0.39,112.0,-0.009286034712323681
179,0.006875951359549903,0.0104,10.0,3.6,1.56,0.078,0.43,392.0,-0.013890621893108367
180,0.004304314030613718,0.0104,10.0,3.6,1.56,0.078,0.43,619.0,-0.04495613011131554
181,0.2062670698484219,0.297,2.0,14.5,2.68,0.045,0.43,16.0,-0.023597634525245947
182,0.0044988434538449544,0.0131,8.0,5.9,1.48,0.1,0.39,385.0,-0.027781240032785256
183,0.00978468162196126,0.0131,3.0,5.9,1.48,0.1,0.39,64.0,-0.002642474846944085
184,0.030973166319105756,0.044208332999999995,10.0,7.5,1.89,0.065,0.41,114.0,-0.017308477058966786
186,0.0005444899434678224,0.002,4.0,0.8,1.09,0.068,0.38,175.0,-0.0003446253673517991
187,0.02934388599140521,0.044208332999999995,3.0,7.5,1.89,0.065,0.41,42.0,-0.020026080253017064
188,0.18462386180169832,0.297,8.0,14.5,2.68,0.045,0.43,29.0,-0.02739220921804249
189,0.010344838770751156,0.0131,1.0,5.9,1.48,0.1,0.39,22.0,-0.0017491447749325019
190,0.004332663880731902,0.0104,6.0,3.6,1.56,0.078,0.43,346.0,-0.04445978301720883
191,0.0022094164877239602,0.0045,2.0,2.0,1.41,0.067,0.45,122.0,-0.026496438618950353
192,0.0022564864530594145,0.0025,1.0,1.6,1.37,0.034,0.46,36.0,-0.00018984340971588994
193,0.1128083171503044,0.145916667,9.0,12.4,2.28,0.057,0.41,38.0,-0.015334019277309558
194,0.0006707965005518923,0.044208332999999995,3.0,7.5,1.89,0.065,0.41,809.0,-0.21997684570806075
196,0.009075622851287168,0.0104,7.0,3.6,1.56,0.078,0.43,199.0,-0.0021552049586429224
197,0.0005268360806461611,0.002,3.0,0.8,1.09,0.068,0.38,116.0,-0.00041942311147885467
198,0.002766907183479401,0.0045,2.0,2.0,1.41,0.067,0.45,94.0,-0.01188956919672224
199,0.00014064738847780728,0.0007,2.0,1.0,1.23,0.08900000000000001,0.43,746.0,-0.07744292492159859
200,0.0013091803851643206,0.0131,6.0,5.9,1.48,0.1,0.39,861.0,-0.09476154177132724
201,0.0006951569704252499,0.002,10.0,0.8,1.09,0.068,0.38,548.0,-6.305427277133232e-05
202,0.010446637177812065,0.0131,6.0,5.9,1.48,0.1,0.39,126.0,-0.0016094851738737547
203,0.002266527213545425,0.0026,4.0,1.9,1.31,0.095,0.41,192.0,-8.32308676057068e-05
204,0.0010068159997249917,0.002,8.0,0.8,1.09,0.068,0.38,275.0,-1.354126857096184e-06
205,0.008371733271597532,0.0131,6.0,5.9,1.48,0.1,0.39,156.0,-0.005964990693608124
206,0.0028617054497806745,0.0045,4.0,2.0,1.41,0.067,0.45,231.0,-0.010176017673182942
207,0.020982841231402715,0.044208332999999995,10.0,7.5,1.89,0.065,0.41,162.0,-0.036599591094453016
208,0.001359058559399355,0.0026,5.0,1.9,1.31,0.095,0.41,430.0,-0.008382054154230096
210,0.008347290498034201,0.0104,8.0,3.6,1.56,0.078,0.43,251.0,-0.004882157022199542
212,0.132724657699216,0.145916667,6.0,12.4,2.28,0.057,0.41,25.0,-0.007254335642103738
213,0.0013063489799829918,0.002,4.0,0.8,1.09,0.068,0.38,79.0,-1.3451155836020229e-08
214,0.0034453150096527764,0.0131,5.0,5.9,1.48,0.1,0.39,295.0,-0.040044778597632016
215,0.00033359587262327074,0.0026,5.0,1.9,1.31,0.095,0.41,1795.0,-0.1400471257911521
217,0.0009884692643802105,0.002,7.0,0.8,1.09,0.068,0.38,231.0,-1.7312197578931908e-06
218,0.0033546832167612914,0.0045,1.0,2.0,1.41,0.067,0.45,32.0,-0.003890522581548132
219,0.14745801258985808,0.297,5.0,14.5,2.68,0.045,0.43,26.0,-0.03404385721552073
220,0.00243307730798142,0.0026,2.0,1.9,1.31,0.095,0.41,68.25,-8.444798638585786e-06
221,0.03297497833897673,0.145916667,3.0,12.4,2.28,0.057,0.41,43.0,-0.054683761096495455
222,0.003000350779690243,0.0045,8.0,2.0,1.41,0.067,0.45,546.0,-0.007991022486013766
223,0.0015588128310109533,0.0045,5.0,2.0,1.41,0.067,0.45,583.0,-0.058563271079417396
226,0.0043061626320468555,0.0045,8.0,2.0,1.41,0.067,0.45,382.5,-4.417550435585354e-05
227,0.06544640345369433,0.145916667,8.0,12.4,2.28,0.057,0.41,54.0,-0.03493874890264945
228,0.006086821341048487,0.0104,3.0,3.6,1.56,0.078,0.43,112.0,-0.020960535555265107
229,5.4697266632469326e-05,0.0002,5.0,0.5,1.09,0.07,0.36,1623.0,-0.0005363664876705122
230,0.1433537839619911,0.145916667,7.0,12.4,2.28,0.057,0.41,26.0,-0.001997033746826363
231,0.0006260241641754781,0.0007,4.0,1.0,1.23,0.08900000000000001,0.43,410.0,-3.159722273179874e-06
232,0.00038274704459570285,0.0007,9.0,1.0,1.23,0.08900000000000001,0.43,2261.0,-0.0028873317581555066
233,0.0003130851209709982,0.0026,5.0,1.9,1.31,0.095,0.41,1911.0,-0.14950894983516264
234,0.22172122588047172,0.297,4.0,14.5,2.68,0.045,0.43,19.0,-0.020836053672365698
235,0.001854925008176555,0.0025,10.0,1.6,1.37,0.034,0.46,1136.0,-0.002995029002660465
236,0.007482747942543971,0.0131,1.0,5.9,1.48,0.1,0.39,29.0,-0.009006290633559311
237,0.0049986260599083855,0.0131,2.0,5.9,1.48,0.1,0.39,78.0,-0.023342320488381293
238,0.0022899632183775638,0.0104,4.0,3.6,1.56,0.078,0.43,405.0,-0.09800334895328605
239,0.0005369761326557671,0.0012,10.0,2.7,1.23,0.1,0.38,2175.0,-0.0030321429117156256
241,0.03776376582356021,0.044208332999999995,2.0,7.5,1.89,0.065,0.41,25.0,-0.007309999185378372
242,0.002869307180070913,0.0045,4.0,2.0,1.41,0.067,0.45,230.0,-0.010046608160868043
243,0.0006265770172923736,0.002,2.0,0.8,1.09,0.068,0.38,54.0,-0.00013751059598786104
244,0.0033916372103365844,0.0131,8.0,5.9,1.48,0.1,0.39,501.0,-0.040808431773787984
245,0.0005695213484769559,0.0007,10.0,1.0,1.23,0.08900000000000001,0.43,1767.25,-4.1119394614899436e-05
246,0.00237537773483514,0.0025,3.0,1.6,1.37,0.034,0.46,168.0,-3.0015218635636176e-05
247,0.008891112227870649,0.0131,10.0,5.9,1.48,0.1,0.39,257.0,-0.004548732057426098
248,0.0005017756301959328,0.0012,10.0,2.7,1.23,0.1,0.38,2327.0,-0.004027969302868117
249,0.0005059328028876652,0.0012,4.0,2.7,1.23,0.1,0.38,685.0,-0.0038968256619237945
250,0.004195965029221648,0.0045,5.0,2.0,1.41,0.067,0.45,213.5,-0.00013450325971401823
251,0.00033562841206432876,0.0007,7.0,1.0,1.23,0.08900000000000001,0.43,1789.0,-0.005941656802187038
252,0.00014621173752638769,0.0002,4.0,0.5,1.09,0.07,0.36,422.0,-9.599332528323752e-10
253,0.008257199125045453,0.0104,8.0,3.6,1.56,0.078,0.43,254.0,-0.005295306110292928
254,0.0008347678521009806,0.0012,1.0,2.7,1.23,0.1,0.38,59.0,-0.00015039163018934636
256,0.00017046892497855218,0.0025,2.0,1.6,1.37,0.034,0.46,1874.0,-0.3540503400529927
257,0.00022877976414926708,0.0012,6.0,2.7,1.23,0.1,0.38,2609.0,-0.03151601797274199
258,4.572933632421455e-05,0.0002,8.0,0.5,1.09,0.07,0.36,4183.0,-0.0014540489800175939
259,0.2597968499687546,0.297,10.0,14.5,2.68,0.045,0.43,25.0,-0.01335570299259041
260,0.008068394613325593,0.0104,3.0,3.6,1.56,0.078,0.43,85.0,-0.006216800283506845
262,0.001606118145937364,0.0025,9.0,1.6,1.37,0.034,0.46,1143.0,-0.007902444005430448
263,0.0010434610638546168,0.0104,3.0,3.6,1.56,0.078,0.43,620.0,-0.1764053585135775
264,9.958951143950072e-05,0.0002,2.0,0.5,1.09,0.07,0.36,185.0,-2.508730076031528e-06
265,0.00030134938582007626,0.0007,1.0,1.0,1.23,0.08900000000000001,0.43,93.0,-0.009659715661891336
267,4.404446604357309e-05,0.0002,2.0,0.5,1.09,0.07,0.36,409.0,-0.0017544354531957023
268,0.0018613423889280844,0.0026,9.0,1.9,1.31,0.095,0.41,689.0,-0.0012569133975058714
269,0.003146602484032759,0.044208332999999995,7.0,7.5,1.89,0.065,0.41,548.0,-0.12927189688619617
271,0.15392902305429626,0.297,8.0,14.5,2.68,0.045,0.43,32.0,-0.03285293973457267
272,0.0006254633170773171,0.0007,5.0,1.0,1.23,0.08900000000000001,0.43,580.0,-3.2682991715715653e-06
273,0.034572523011164674,0.044208332999999995,8.0,7.5,1.89,0.065,0.41,84.0,-0.011755658153407504
274,0.04231846020458501,0.145916667,7.0,12.4,2.28,0.057,0.41,66.0,-0.047786133350515424
275,3.6867507941842746e-05,0.0002,7.0,0.5,1.09,0.07,0.36,4188.0,-0.00393032845695316
276,0.04938348409790911,0.145916667,4.0,12.4,2.28,0.057,0.41,40.0,-0.04338400554707097
278,0.02962364952045534,0.044208332999999995,8.0,7.5,1.89,0.065,0.41,97.0,-0.019549698662049607
279,0.0009305822318302429,0.002,1.0,0.8,1.09,0.068,0.38,19.0,-3.685218760225187e-06
281,0.004107760679496612,0.0104,3.0,3.6,1.56,0.078,0.43,168.0,-0.048528868961829945
282,0.0016252541445437407,0.0104,5.0,3.6,1.56,0.078,0.43,709.0,-0.1305738118036851
283,0.006102863350163589,0.145916667,5.0,12.4,2.28,0.057,0.41,193.0,-0.10022828572604008
284,0.005627652747473813,0.0131,4.0,5.9,1.48,0.1,0.39,145.0,-0.018658566744778022
285,0.0009764429930268483,0.002,2.0,0.8,1.09,0.068,0.38,38.0,-2.03027713611977e-06
287,0.0011126404688238053,0.0045,8.0,2.0,1.41,0.067,0.45,1470.0,-0.09836195708146825
288,0.27368274504629564,0.297,7.0,14.5,2.68,0.045,0.43,19.0,-0.010050919699792821
289,0.2688842128098567,0.297,7.0,14.5,2.68,0.045,0.43,19.0,-0.011256774355107387
290,7.55497191291025e-05,0.0002,3.0,0.5,1.09,0.07,0.36,492.0,-5.010650170211717e-05
291,0.0026757033346957583,0.0045,5.0,2.0,1.41,0.067,0.45,333.0,-0.01372197799550329
292,0.030020881505258338,0.145916667,9.0,12.4,2.28,0.057,0.41,102.0,-0.05723054978908098
293,0.0006753600517591203,0.0026,7.0,1.9,1.31,0.095,0.41,1363.0,-0.0543320374087854
294,0.0008055063726087008,0.0026,1.0,1.9,1.31,0.095,0.41,92.0,-0.03881740670288801
295,0.02407315974104227,0.044208332999999995,4.0,7.5,1.89,0.065,0.41,63.0,-0.029872133311473377
296,0.00407791920706066,0.0045,7.0,2.0,1.41,0.067,0.45,340.0,-0.0003045123461368874
298,0.0013466732971068743,0.0026,7.0,1.9,1.31,0.095,0.41,683.0,-0.008709496246066695
299,0.14163074604506545,0.145916667,6.0,12.4,2.28,0.057,0.41,24.0,-0.002987896298256076
301,0.0008582454061403751,0.002,1.0,0.8,1.09,0.068,0.38,19.0,-9.131117217712522e-06
302,0.02208483182346197,0.044208332999999995,7.0,7.5,1.89,0.065,0.41,111.0,-0.034102598687354636
303,0.08376474975897043,0.297,8.0,14.5,2.68,0.045,0.43,46.0,-0.047740273427872154
304,0.0035352583097024914,0.0104,9.0,3.6,1.56,0.078,0.43,664.0,-0.060430795258969515
305,0.11332352553466421,0.145916667,2.0,12.4,2.28,0.057,0.41,17.0,-0.015133268624788703
306,0.005974870396087856,0.145916667,2.0,12.4,2.28,0.057,0.41,95.0,-0.10082503918462044
307,0.001924210922325414,0.0026,2.0,1.9,1.31,0.095,0.41,85.0,-0.0009203977521955387
308,0.003230819570508474,0.0045,4.0,2.0,1.41,0.067,0.45,205.0,-0.005104732174150728
309,0.0005953841960418978,0.0007,1.0,1.0,1.23,0.08900000000000001,0.43,45.5,-1.5028220232893236e-05
310,0.0004557968624614965,0.0025,8.0,1.6,1.37,0.034,0.46,3469.0,-0.15010113400531339
311,0.0001747390643260731,0.0007,2.0,1.0,1.23,0.08900000000000001,0.43,551.0,-0.0500207512738423
312,0.013238149458441201,0.044208332999999995,8.0,7.5,1.89,0.065,0.41,194.0,-0.058725089301110506
313,0.2584741637334262,0.297,8.0,14.5,2.68,0.045,0.43,22.0,-0.013645683792727563
314,0.0009329584227361088,0.0012,4.0,2.7,1.23,0.1,0.38,374.0,-3.4474175201302504e-05
315,0.008375474481337866,0.0104,1.0,3.6,1.56,0.078,0.43,25.0,-0.004756381880499493
316,0.0029953372574663593,0.0045,3.0,2.0,1.41,0.067,0.45,150.0,-0.008063786501218289
317,6.58978262373789e-05,0.0002,9.0,0.5,1.09,0.07,0.36,3507.0,-0.00015248877954126722
318,0.0002981879598855119,0.0007,4.0,1.0,1.23,0.08900000000000001,0.43,861.0,-0.010089343516564542
319,0.0004416166709290597,0.0012,6.0,2.7,1.23,0.1,0.38,1358.0,-0.0064316893217343145
320,0.0007855123112007093,0.0026,5.0,1.9,1.31,0.095,0.41,751.0,-0.040889387534507306
321,0.010918685483799666,0.0131,1.0,5.9,1.48,0.1,0.39,21.0,-0.0010471805099185676
322,0.00013139386263967862,0.0002,8.0,0.5,1.09,0.07,0.36,1464.0,-1.877317876853236e-08
323,0.000490881032389986,0.0104,8.0,3.6,1.56,0.078,0.43,3337.0,-0.2652537641115425
324,0.0014773110422047475,0.0045,3.0,2.0,1.41,0.067,0.45,325.0,-0.06437201861654017
325,0.25018942194323435,0.297,1.0,14.5,2.68,0.045,0.43,11.0,-0.015393542142341697
327,0.0004377303495278655,0.0025,4.0,1.6,1.37,0.034,0.46,1541.0,-0.15706896292250203
328,0.00011017816473102078,0.0045,2.0,2.0,1.41,0.067,0.45,2576.0,-0.5526394842776118
329,0.0001372572140119884,0.0002,6.0,0.5,1.09,0.07,0.36,882.0,-6.237288671585508e-09
330,9.568622697376279e-05,0.0002,8.0,0.5,1.09,0.07,0.36,2007.0,-4.199127317875116e-06
331,0.00046411490472379134,0.0026,2.0,1.9,1.31,0.095,0.41,419.0,-0.09538863817256946
332,0.0002696067708775723,0.0007,8.0,1.0,1.23,0.08900000000000001,0.43,2710.0,-0.014829513989087205
333,0.0009241976935837124,0.0012,7.0,2.7,1.23,0.1,0.38,799.5,-4.0051089067612084e-05
334,0.0012644631964943045,0.0026,1.0,1.9,1.31,0.095,0.41,51.0,-0.011159404693259156
335,3.415225543969446e-05,0.0002,3.0,0.5,1.09,0.07,0.36,1084.0,-0.0053572808704903906
336,0.029983746012473757,0.044208332999999995,3.0,7.5,1.89,0.065,0.41,41.0,-0.018942575265303307
338,0.0006584137503106029,0.0012,6.0,2.7,1.23,0.1,0.38,913.0,-0.0010466964427326103
339,0.0008789526512679915,0.002,8.0,0.8,1.09,0.068,0.38,314.0,-7.0689424601335115e-06
340,0.0006206426228184009,0.0045,1.0,2.0,1.41,0.067,0.45,252.0,-0.18137522753141277
341,0.0008252410093864298,0.0012,7.0,2.7,1.23,0.1,0.38,895.0,-0.00017012426171775957
343,0.0011137353251228482,0.0045,6.0,2.0,1.41,0.067,0.45,1032.0,-0.09823492760403041
344,0.24473999499292248,0.297,5.0,14.5,2.68,0.045,0.43,18.0,-0.01649201899684876
345,0.21795223993224755,0.297,6.0,14.5,2.68,0.045,0.43,22.0,-0.02151710913887662
346,0.0012138036532405726,0.002,5.0,0.8,1.09,0.068,0.38,116.0,-6.479286796166059e-08
347,0.05400947111316484,0.145916667,10.0,12.4,2.28,0.057,0.41,73.0,-0.040766458068607375
348,0.0034015046048276364,0.0131,8.0,5.9,1.48,0.1,0.39,500.0,-0.040666816062600815
349,0.0015246147685220879,0.0025,10.0,1.6,1.37,0.034,0.46,1382.0,-0.010323226797990512
350,0.24802553761116955,0.297,6.0,14.5,2.68,0.045,0.43,20.0,-0.01583439896836197
352,0.002221029189908191,0.0025,10.0,1.6,1.37,0.034,0.46,950.0,-0.0002769897482707577
353,0.1028034490296819,0.145916667,4.0,12.4,2.28,0.057,0.41,25.0,-0.01922235413747003
354,0.00161998743566838,0.0026,4.0,1.9,1.31,0.095,0.41,265.0,-0.0034611557046603176
355,0.09407083770965743,0.145916667,10.0,12.4,2.28,0.057,0.41,48.0,-0.02265238555869035
356,0.14586114708924472,0.297,4.0,14.5,2.68,0.045,0.43,23.0,-0.034340925603286714
357,0.0017415790019118295,0.0025,6.0,1.6,1.37,0.034,0.46,611.0,-0.004823822158029249
358,0.010126971285796841,0.145916667,8.0,12.4,2.28,0.057,0.41,203.0,-0.08627305988417797
359,0.0001248238890325564,0.0025,3.0,1.6,1.37,0.034,0.46,3913.0,-0.4352224658179312
360,0.042894927516738277,0.145916667,5.0,12.4,2.28,0.057,0.41,51.0,-0.04740517261807515
362,0.014981572291152144,0.044208332999999995,6.0,7.5,1.89,0.065,0.41,134.0,-0.05282400823584119
363,0.02845365167150175,0.044208332999999995,2.0,7.5,1.89,0.065,0.41,32.0,-0.021570117427768175
364,0.03590538918777761,0.044208332999999995,2.0,7.5,1.89,0.065,0.41,26.0,-0.009845524366191464
365,0.0007569968433730533,0.002,4.0,0.8,1.09,0.068,0.38,129.0,-3.077045404066566e-05
366,0.0002648099246134203,0.002,3.0,0.8,1.09,0.068,0.38,223.0,-0.008231459302169829
367,0.002134512863071803,0.0025,5.0,1.6,1.37,0.034,0.46,388.0,-0.0005898776077165859
368,6.646303373398047e-05,0.0002,5.0,0.5,1.09,0.07,0.36,1340.0,-0.00014299841742828893
369,7.672604703912994e-05,0.002,10.0,0.8,1.09,0.068,0.38,4848.0,-0.11818985749410407
370,0.0002704453241264189,0.0007,1.0,1.0,1.23,0.08900000000000001,0.43,108.0,-0.014665203658603111
371,0.0037883005052084962,0.0045,3.0,2.0,1.41,0.067,0.45,118.5,-0.0011371134570131091
373,0.00010856407683794958,0.0002,10.0,0.5,1.09,0.07,0.36,2514.0,-7.251570685285023e-07
374,0.0007679333395968608,0.002,8.0,0.8,1.09,0.068,0.38,359.0,-2.705687868047407e-05
375,0.00427131913997922,0.0131,8.0,5.9,1.48,0.1,0.39,404.0,-0.03005634101320805
376,0.0017796012642674799,0.0045,9.0,2.0,1.41,0.067,0.45,1069.0,-0.04517845726303287
377,0.00010966203162507885,0.002,6.0,0.8,1.09,0.068,0.38,1600.0,-0.06673333403243037
378,0.007187959357071262,0.0104,6.0,3.6,1.56,0.078,0.43,210.0,-0.011556856633205116
379,0.0005069654900976623,0.0012,1.0,2.7,1.23,0.1,0.38,94.0,-0.003864848867091197
380,0.009104144507832321,0.0131,2.0,5.9,1.48,0.1,0.39,45.0,-0.004036290401027421
381,0.0008818093496626426,0.0012,5.0,2.7,1.23,0.1,0.38,535.5,-7.819086085346964e-05
384,0.03163953727975822,0.044208332999999995,6.0,7.5,1.89,0.065,0.41,70.0,-0.016235149165273938
385,0.0029838249044130097,0.0045,7.0,2.0,1.41,0.067,0.45,462.0,-0.00823258778597915
386,0.0022919319870279447,0.0045,3.0,2.0,1.41,0.067,0.45,199.0,-0.023759591397042593
387,0.0006581762924787815,0.0025,4.0,1.6,1.37,0.034,0.46,992.0,-0.09281520705892893
388,0.004850436165327758,0.0131,1.0,5.9,1.48,0.1,0.39,43.0,-0.02458489470789241
389,0.03071168687929086,0.044208332999999995,4.0,7.5,1.89,0.065,0.41,51.0,-0.01773556176810025
390,0.18703822362055594,0.297,9.0,14.5,2.68,0.045,0.43,30.0,-0.026969621064998173
392,0.0016138180382000607,0.044208332999999995,4.0,7.5,1.89,0.065,0.41,539.0,-0.16576291083659486
393,0.025933698836605942,0.297,10.0,14.5,2.68,0.045,0.43,115.0,-0.07161832740260848
394,0.0008377896076107288,0.0012,2.0,2.7,1.23,0.1,0.38,157.0,-0.00014453870428446692
395,0.16386545190695173,0.297,2.0,14.5,2.68,0.045,0.43,17.0,-0.031058051292454415
397,0.0006449659278651586,0.0045,8.0,2.0,1.41,0.067,0.45,2479.0,-0.17760628888897612
398,0.0013254315610111314,0.0026,7.0,1.9,1.31,0.095,0.41,694.0,-0.009295361306360632
401,0.010606670754258928,0.0131,3.0,5.9,1.48,0.1,0.39,59.0,-0.0014033673071555917
402,0.0009368954800771115,0.0012,2.0,2.7,1.23,0.1,0.38,142.0,-3.2179853309426616e-05
403,0.0020334980676413334,0.0131,9.0,5.9,1.48,0.1,0.39,910.0,-0.06797379143840523
404,0.002237444313967089,0.0104,7.0,3.6,1.56,0.078,0.43,767.0,-0.1001289951220503
405,0.0056751401958053255,0.0104,7.0,3.6,1.56,0.078,0.43,317.0,-0.025396278333741605
406,0.00014542924069753306,0.0002,7.0,0.5,1.09,0.07,0.36,1069.25,-1.1426115812010769e-09
407,0.1423342074840902,0.297,10.0,14.5,2.68,0.045,0.43,38.0,-0.03500200725501779
409,0.0041760567282008035,0.0045,8.0,2.0,1.41,0.067,0.45,393.0,-0.00015745294340324426
410,0.0027877456594372777,0.0104,10.0,3.6,1.56,0.078,0.43,931.0,-0.08045029223383095
411,0.0005518545991079161,0.0026,3.0,1.9,1.31,0.095,0.41,559.0,-0.07511644829124332
412,0.00023042425196876051,0.0007,8.0,1.0,1.23,0.08900000000000001,0.43,3175.0,-0.024679932097404583
413,0.0001298667518695678,0.0002,8.0,0.5,1.09,0.07,0.36,1481.0,-2.4681857731363034e-08
414,0.005528108122092626,0.044208332999999995,6.0,7.5,1.89,0.065,0.41,301.0,-0.10073716319717678
415,0.005793669617467784,0.0104,2.0,3.6,1.56,0.078,0.43,75.0,-0.024061526341209487
416,0.0015665645041353818,0.0026,7.0,1.9,1.31,0.095,0.41,588.0,-0.004206730546419344
417,0.0002864878607730394,0.0012,5.0,2.7,1.23,0.1,0.38,1638.0,-0.02040967081020032
418,0.0017513418902933198,0.0025,1.0,1.6,1.37,0.034,0.46,46.0,-0.004641802597222455
419,0.1404309692382183,0.145916667,2.0,12.4,2.28,0.057,0.41,13.0,-0.0036267555504616114
420,0.036631685586895245,0.044208332999999995,3.0,7.5,1.89,0.065,0.41,34.0,-0.008836828720851215
421,0.0018619080258436846,0.0045,4.0,2.0,1.41,0.067,0.45,364.0,-0.04093417253225227
422,0.0038631015505946695,0.0045,8.0,2.0,1.41,0.067,0.45,425.0,-0.000857491530295437
423,0.0011903865280516633,0.0026,3.0,1.9,1.31,0.095,0.41,242.0,-0.013833423764290954
424,0.0008622670298148682,0.0026,8.0,1.9,1.31,0.095,0.41,1272.0,-0.033530836254525354
425,0.005530001482621535,0.0104,1.0,3.6,1.56,0.078,0.43,40.0,-0.027093647955467585
426,0.01870646972679834,0.044208332999999995,3.0,7.5,1.89,0.065,0.41,61.0,-0.04216610898409769
427,0.000771861002170119,0.0026,9.0,1.9,1.31,0.095,0.41,1653.0,-0.04235391238916213
428,0.0016321958778714694,0.0026,5.0,1.9,1.31,0.095,0.41,358.0,-0.0033061903379812047
429,0.007238111490857535,0.0104,4.0,3.6,1.56,0.078,0.43,130.0,-0.011204274132408008
430,0.002186686360297159,0.0025,5.0,1.6,1.37,0.034,0.46,379.0,-0.0003829625560509482
431,0.0002251934970815003,0.0026,4.0,1.9,1.31,0.095,0.41,2029.0,-0.20316148711720847
432,0.0034519558969453978,0.0045,4.0,2.0,1.41,0.067,0.45,192.0,-0.003082917793472846
433,0.003222465591763739,0.0045,8.0,2.0,1.41,0.067,0.45,508.0,-0.0051946006317850225
434,0.10970791148682787,0.145916667,9.0,12.4,2.28,0.057,0.41,40.0,-0.016539632772125952
435,7.158113500624721e-05,0.0002,8.0,0.5,1.09,0.07,0.36,2680.0,-7.952754994169163e-05
436,0.003405958206843034,0.0045,10.0,2.0,1.41,0.067,0.45,637.0,-0.0034495769813086222
437,0.0017605361044288755,0.0104,7.0,3.6,1.56,0.078,0.43,954.0,-0.12275709389656012
438,0.0079441206966696,0.0104,4.0,3.6,1.56,0.078,0.43,119.0,-0.006865055728015788
439,0.012329284450350635,0.0131,1.0,5.9,1.48,0.1,0.39,20.0,-0.00011279406000455385
440,5.033094183303351e-05,0.0002,2.0,0.5,1.09,0.07,0.36,358.0,-0.0008716605336119693
441,0.0015838534334347957,0.0025,6.0,1.6,1.37,0.034,0.46,673.0,-0.008517393749563128
442,0.013400749348931176,0.145916667,3.0,12.4,2.28,0.057,0.41,76.0,-0.07874514939669258
445,0.0014279975650189516,0.002,5.0,0.8,1.09,0.068,0.38,99.0,-1.2620556115869257e-09
446,0.001601738401919995,0.0026,7.0,1.9,1.31,0.095,0.41,575.0,-0.0037032136813096366
447,0.0002873798886118908,0.0012,7.0,2.7,1.23,0.1,0.38,2550.0,-0.020274974153962746
448,0.0010115856643265855,0.0025,3.0,1.6,1.37,0.034,0.46,416.0,-0.04107165835072884
449,5.0487873530706895e-05,0.0002,10.0,0.5,1.09,0.07,0.36,5382.0,-0.000856590470695098
450,0.0009918181584440862,0.0026,4.0,1.9,1.31,0.095,0.41,436.0,-0.02386810295539527
451,0.0040754687357171,0.0045,7.0,2.0,1.41,0.067,0.45,340.0,-0.0003089524376013794
452,0.0008787730948090448,0.0045,9.0,2.0,1.41,0.067,0.45,2131.0,-0.13053959586264624
453,0.02349825160443629,0.044208332999999995,4.0,7.5,1.89,0.065,0.41,64.0,-0.031061640514997685
455,0.0070331721195514615,0.0131,7.0,5.9,1.48,0.1,0.39,217.0,-0.010886354274749063
456,0.00018823699797081234,0.0007,3.0,1.0,1.23,0.08900000000000001,0.43,910.0,-0.04216233096666655
457,0.0013695004695075486,0.0025,9.0,1.6,1.37,0.034,0.46,1342.0,-0.01639590222124394
458,7.120072596387252e-05,0.0002,2.0,0.5,1.09,0.07,0.36,255.0,-8.30996858489807e-05
459,0.0008420884109035065,0.0012,4.0,2.7,1.23,0.1,0.38,414.5,-0.00013653341163036436
460,0.0008891094907234651,0.0012,2.0,2.7,1.23,0.1,0.38,148.0,-7.01025276980108e-05
461,0.0014819803131889337,0.0045,3.0,2.0,1.41,0.067,0.45,324.0,-0.06402481274753781
462,0.04017803605090685,0.145916667,5.0,12.4,2.28,0.057,0.41,53.0,-0.049240065001343127
463,0.0007253882325560351,0.002,3.0,0.8,1.09,0.068,0.38,87.0,-4.4488533009010706e-05
464,0.00018764139935688545,0.0026,5.0,1.9,1.31,0.095,0.41,3140.0,-0.23615164665239996
465,0.0020016135176513677,0.0025,3.0,1.6,1.37,0.034,0.46,199.0,-0.001421440749974415
466,0.009178397885519936,0.0104,9.0,3.6,1.56,0.078,0.43,261.0,-0.0018568131560503882
467,0.002045337200833919,0.0026,5.0,1.9,1.31,0.095,0.41,288.0,-0.0004648721483676552
468,0.05998615908356023,0.297,2.0,14.5,2.68,0.045,0.43,27.0,-0.05485874725992937
469,0.005230752449680456,0.0104,8.0,3.6,1.56,0.078,0.43,399.0,-0.030852281515701893
470,0.0005144428651316247,0.002,5.0,0.8,1.09,0.068,0.38,261.0,-0.00048138182152414035
471,0.018456444094674427,0.044208332999999995,4.0,7.5,1.89,0.065,0.41,78.0,-0.04281550234479573
472,0.0011031990649270215,0.0045,6.0,2.0,1.41,0.067,0.45,1042.0,-0.09946513528039314
473,6.657527848932187e-05,0.0002,4.0,0.5,1.09,0.07,0.36,917.0,-0.0001411835774883689
474,0.004375518076229819,0.0045,2.0,2.0,1.41,0.067,0.45,60.0,-1.4855659069952076e-05
475,0.0005295533276232578,0.0012,4.0,2.7,1.23,0.1,0.38,654.0,-0.003221629321403991
476,0.001594125575088534,0.0026,7.0,1.9,1.31,0.095,0.41,578.0,-0.003807986142978334
477,0.0013974166142759362,0.0045,8.0,2.0,1.41,0.067,0.45,1174.0,-0.07060664423201178
479,0.006461985028178295,0.0131,6.0,5.9,1.48,0.1,0.39,199.0,-0.013664130727714387
480,0.00947803079115352,0.0104,5.0,3.6,1.56,0.078,0.43,129.0,-0.0011081051446644211
481,0.00209993347017947,0.0025,3.0,1.6,1.37,0.034,0.46,190.0,-0.0007611218615714262
482,0.0025823388380073276,0.0045,1.0,2.0,1.41,0.067,0.45,43.0,-0.01579830976306826
483,0.006536377036323311,0.0131,8.0,5.9,1.48,0.1,0.39,270.0,-0.0132754757519375
484,0.003982955848286257,0.0131,2.0,5.9,1.48,0.1,0.39,97.0,-0.03320744844910047
485,0.028403128906639128,0.145916667,2.0,12.4,2.28,0.057,0.41,37.0,-0.05872476591841348
486,0.0003474329458887973,0.0012,6.0,2.7,1.23,0.1,0.38,1724.0,-0.01300996652576011
487,0.001260173780968547,0.002,1.0,0.8,1.09,0.068,0.38,16.0,-3.008570366997532e-08
488,0.0009882731050021502,0.0012,3.0,2.7,1.23,0.1,0.38,238.0,-1.1845304792149338e-05
489,0.03986663867239522,0.044208332999999995,10.0,7.5,1.89,0.065,0.41,90.0,-0.004626487681069025
491,0.002123331588427614,0.0104,6.0,3.6,1.56,0.078,0.43,678.0,-0.10496695256113171
492,0.0007651450286811993,0.0012,2.0,2.7,1.23,0.1,0.38,171.0,-0.00034965245621176026
493,0.0010419250441812045,0.002,9.0,0.8,1.09,0.068,0.38,311.0,-8.384813992942049e-07
495,0.10212548880389388,0.145916667,1.0,12.4,2.28,0.057,0.41,15.0,-0.01948640166866334
496,0.0035098183486117077,0.0104,4.0,3.6,1.56,0.078,0.43,270.0,-0.06101893862196508
497,0.0034162747287381605,0.0045,4.0,2.0,1.41,0.067,0.45,194.0,-0.0033650040355926235
498,0.07432835903155019,0.297,2.0,14.5,2.68,0.045,0.43,25.0,-0.05034021499942024
499,0.019260685681365398,0.044208332999999995,8.0,7.5,1.89,0.065,0.41,141.0,-0.04075511092915373
500,0.0012828681172029031,0.002,9.0,0.8,1.09,0.068,0.38,258.0,-2.036643687788585e-08
501,0.2390313237046894,0.297,8.0,14.5,2.68,0.045,0.43,23.0,-0.017607561201068937
502,0.07733817179224091,0.145916667,10.0,12.4,2.28,0.057,0.41,56.0,-0.029551282998862533
504,0.00024047091150011872,0.0026,3.0,1.9,1.31,0.095,0.41,1373.0,-0.19186778878558267
505,0.0005764383604146885,0.0007,4.0,1.0,1.23,0.08900000000000001,0.43,445.5,-3.204660571519006e-05
506,0.009696401290942108,0.0104,2.0,3.6,1.56,0.078,0.43,44.0,-0.000677175625047139
507,2.8576093808004535e-05,0.0002,2.0,0.5,1.09,0.07,0.36,641.0,-0.010254735225785903
508,0.00044511757683624373,0.0012,10.0,2.7,1.23,0.1,0.38,2621.0,-0.006262001937866007
509,0.0023736215229417136,0.0104,4.0,3.6,1.56,0.078,0.43,392.0,-0.09473867861388434
510,0.0007070851850990617,0.0025,2.0,1.6,1.37,0.034,0.46,386.0,-0.0829680728423893
511,0.010325272799538687,0.0131,5.0,5.9,1.48,0.1,0.39,105.0,-0.0017767618412843531
512,9.172275175496384e-05,0.002,4.0,0.8,1.09,0.068,0.38,1064.0,-0.09006022077081632
513,0.2351223719053343,0.297,8.0,14.5,2.68,0.045,0.43,24.0,-0.018354493011149383
514,0.00288659908137439,0.0104,7.0,3.6,1.56,0.078,0.43,606.0,-0.07743013075116796
515,8.93119522372414e-05,0.0007,6.0,1.0,1.23,0.08900000000000001,0.43,5597.0,-0.15673586025877076
516,0.0850271808968723,0.145916667,2.0,12.4,2.28,0.057,0.41,20.0,-0.026308200063725456
518,0.004813584554457682,0.0131,8.0,5.9,1.48,0.1,0.39,361.0,-0.024903313522406368
519,0.00021572946587881971,0.0007,5.0,1.0,1.23,0.08900000000000001,0.43,1698.0,-0.029765901614155106
520,0.0003639666735905999,0.0007,4.0,1.0,1.23,0.08900000000000001,0.43,703.0,-0.0038832542536124683
521,0.0018100635743636653,0.0026,10.0,1.9,1.31,0.095,0.41,812.0,-0.0015932043364976075
522,0.0020435514277894256,0.0045,10.0,2.0,1.41,0.067,0.45,1062.0,-0.03275019701737354
523,0.0001502899561655649,0.0012,1.0,2.7,1.23,0.1,0.38,413.0,-0.059462206397028546
524,0.0051539430777027915,0.0131,10.0,5.9,1.48,0.1,0.39,433.0,-0.022100348466604802
525,0.0018986161916943855,0.0045,5.0,2.0,1.41,0.067,0.45,475.0,-0.03915486693123597
526,0.003434299557673768,0.0045,6.0,2.0,1.41,0.067,0.45,329.0,-0.003220499553331216
527,0.0007961075231182565,0.002,8.0,0.8,1.09,0.068,0.38,346.0,-1.9373333201985384e-05
528,0.007999195033141802,0.044208332999999995,6.0,7.5,1.89,0.065,0.41,224.0,-0.0827730118517005
529,0.008459231941230832,0.0131,7.0,5.9,1.48,0.1,0.39,182.0,-0.005709071103279659
530,0.0005866978787801355,0.0026,5.0,1.9,1.31,0.095,0.41,1013.0,-0.06848398366193087
531,0.004830441042003351,0.145916667,5.0,12.4,2.28,0.057,0.41,228.0,-0.10687897887461506
532,0.09978053679333718,0.297,1.0,14.5,2.68,0.045,0.43,18.0,-0.04379378467462147
533,0.13912550196699666,0.145916667,7.0,12.4,2.28,0.057,0.41,27.0,-0.004289816305073192
534,0.000998899627856382,0.0012,5.0,2.7,1.23,0.1,0.38,474.0,-9.364933733721141e-06
535,0.0005559392797967929,0.0007,9.0,1.0,1.23,0.08900000000000001,0.43,1558.0,-6.483386421351372e-05
536,0.000158347255171864,0.0007,8.0,1.0,1.23,0.08900000000000001,0.43,4646.0,-0.06163187779971456
537,0.003625405469777188,0.0045,6.0,2.0,1.41,0.067,0.45,312.0,-0.0019282068979862973
538,0.07813228177619672,0.145916667,8.0,12.4,2.28,0.057,0.41,47.0,-0.029209073130164593
539,0.03478699657147825,0.044208332999999995,7.0,7.5,1.89,0.065,0.41,74.0,-0.011443115547057644
540,0.1059581442700721,0.145916667,7.0,12.4,2.28,0.057,0.41,34.0,-0.017995588091138503
541,0.0001112738647915146,0.002,7.0,0.8,1.09,0.068,0.38,1984.0,-0.06502984735920468
542,0.2968427581519069,0.297,6.0,14.5,2.68,0.045,0.43,14.0,-0.0005117097147057518
543,0.0022642647420087598,0.0026,7.0,1.9,1.31,0.095,0.41,409.0,-8.513237508429332e-05
544,0.13419268931413048,0.297,8.0,14.5,2.68,0.045,0.43,35.0,-0.03655726824672982
545,0.0015977802731984823,0.0026,2.0,1.9,1.31,0.095,0.41,101.0,-0.0037574045342300775
546,0.11735072099531892,0.145916667,2.0,12.4,2.28,0.057,0.41,16.0,-0.013557213560051143
547,0.0021526634811617953,0.0026,5.0,1.9,1.31,0.095,0.41,274.0,-0.00022341875230335673
548,0.027156183282514176,0.044208332999999995,8.0,7.5,1.89,0.065,0.41,105.0,-0.023901080172126443
549,0.008824671020519448,0.0104,5.0,3.6,1.56,0.078,0.43,139.0,-0.0029730537424519465
550,0.0018909473996855453,0.0025,9.0,1.6,1.37,0.034,0.46,971.0,-0.002533503086402508
551,0.09901014143926876,0.297,7.0,14.5,2.68,0.045,0.43,39.0,-0.04397280269223595
552,0.007050374009169868,0.0104,9.0,3.6,1.56,0.078,0.43,340.0,-0.012555835455139976
553,0.005884491510575953,0.0104,10.0,3.6,1.56,0.078,0.43,457.0,-0.023070922574138987
554,0.01018902234722426,0.0104,3.0,3.6,1.56,0.078,0.43,68.0,-7.71325023154266e-05
555,0.00907952334445784,0.0131,6.0,5.9,1.48,0.1,0.39,144.0,-0.004093575582710854
556,0.0022054173979721707,0.0025,4.0,1.6,1.37,0.034,0.46,274.0,-0.0003223899950873904
557,0.0017394966605054443,0.0026,5.0,1.9,1.31,0.095,0.41,337.0,-0.002161512772870375
558,0.03579990872116147,0.044208332999999995,10.0,7.5,1.89,0.065,0.41,99.0,-0.009993901848466385
559,0.002870154638934248,0.0104,4.0,3.6,1.56,0.078,0.43,328.0,-0.07792340213908436
560,0.015404237779098365,0.044208332999999995,6.0,7.5,1.89,0.065,0.41,131.0,-0.0514942698381268
561,0.021946654328453784,0.145916667,2.0,12.4,2.28,0.057,0.41,43.0,-0.06562198773858552
562,0.0007955457534203776,0.0012,6.0,2.7,1.23,0.1,0.38,757.0,-0.0002456761605588484
563,0.0020626474070233815,0.0045,10.0,2.0,1.41,0.067,0.45,1052.0,-0.03197502099784972
564,0.138424804292971,0.145916667,4.0,12.4,2.28,0.057,0.41,19.0,-0.0046348237600434385
565,0.06406128344599495,0.145916667,6.0,12.4,2.28,0.057,0.41,44.0,-0.035604842992968996
566,0.017856519967101716,0.044208332999999995,4.0,7.5,1.89,0.065,0.41,80.0,-0.044408023432777166
567,0.00038396686844242595,0.0007,2.0,1.0,1.23,0.08900000000000001,0.43,216.0,-0.002831013055641898
568,0.02473329753911344,0.145916667,6.0,12.4,2.28,0.057,0.41,85.0,-0.06243455232457872
569,0.0005621294110681909,0.0007,6.0,1.0,1.23,0.08900000000000001,0.43,851.0,-5.2958843877756956e-05
570,0.0005412760232422383,0.0012,4.0,2.7,1.23,0.1,0.38,640.0,-0.002926958683616885
572,0.0069237079685206615,0.0104,4.0,3.6,1.56,0.078,0.43,137.0,-0.013517435202728151
574,0.0009084398647755372,0.0025,1.0,1.6,1.37,0.034,0.46,117.0,-0.052200713867939126
575,0.010056136623518553,0.0104,1.0,3.6,1.56,0.078,0.43,22.0,-0.00018560065200128612
576,0.0007366440131506259,0.0025,4.0,1.6,1.37,0.034,0.46,876.0,-0.0775518118887052
577,0.008879318021855742,0.0104,8.0,3.6,1.56,0.078,0.43,237.0,-0.002784150223549922
579,0.024096877526644727,0.044208332999999995,8.0,7.5,1.89,0.065,0.41,116.0,-0.029823615960745394
580,0.0023498678758274607,0.0025,2.0,1.6,1.37,0.034,0.46,94.0,-5.000946944473396e-05
582,0.0014642039522937988,0.0025,5.0,1.6,1.37,0.034,0.46,567.0,-0.012440692837284634
583,0.1415839841106243,0.297,3.0,14.5,2.68,0.045,0.43,21.0,-0.03514355384946863
584,0.009364175285856067,0.0104,7.0,3.6,1.56,0.078,0.43,193.0,-0.0013712871113192803
585,0.13685809329501933,0.145916667,1.0,12.4,2.28,0.057,0.41,11.0,-0.005383445859274328
586,0.012886639780910515,0.044208332999999995,4.0,7.5,1.89,0.065,0.41,105.0,-0.06000693588534304
587,0.0021206275648050815,0.0026,10.0,1.9,1.31,0.095,0.41,694.0,-0.0002824938264749733
588,0.10706517016525126,0.297,5.0,14.5,2.68,0.045,0.43,30.0,-0.042145746960419526
589,0.003986538720781912,0.0104,10.0,3.6,1.56,0.078,0.43,666.0,-0.050853311217100086
590,0.13628585289798992,0.297,4.0,14.5,2.68,0.045,0.43,24.0,-0.0361532004486399
591,0.0012672811635084766,0.002,7.0,0.8,1.09,0.068,0.38,181.0,-2.665439581531172e-08
592,0.0006849857874848611,0.002,5.0,0.8,1.09,0.068,0.38,198.0,-7.085058547074502e-05
593,0.26960592654443133,0.297,2.0,14.5,2.68,0.045,0.43,12.0,-0.011080502454616113
594,0.0007765456604897989,0.0045,7.0,2.0,1.41,0.067,0.45,1772.0,-0.14870881542558664
595,0.009918874599045155,0.0131,3.0,5.9,1.48,0.1,0.39,63.0,-0.002408609622188606
596,0.001766363809469346,0.0026,7.0,1.9,1.31,0.095,0.41,522.0,-0.0019296210423906922
598,0.1438494773425569,0.145916667,3.0,12.4,2.28,0.057,0.41,15.0,-0.0016878381023826793
599,0.00014372244962335205,0.0007,2.0,1.0,1.23,0.08900000000000001,0.43,724.0,-0.07440749487520636
600,0.0013681189790129909,0.002,7.0,0.8,1.09,0.068,0.38,168.0,-4.2516218797320914e-09
601,0.0009647053566712788,0.0025,6.0,1.6,1.37,0.034,0.46,1122.0,-0.045878487342086466
602,0.0022579837844508245,0.0045,1.0,2.0,1.41,0.067,0.45,52.0,-0.024850893133915326
603,0.0021717423925491242,0.0025,9.0,1.6,1.37,0.034,0.46,847.0,-0.0004363011807654852
604,0.16888270960134483,0.297,10.0,14.5,2.68,0.045,0.43,34.0,-0.030163947303990052
605,0.10976274802352685,0.145916667,10.0,12.4,2.28,0.057,0.41,42.0,-0.016518334605559758
606,0.00018106090274608056,0.0012,7.0,2.7,1.23,0.1,0.38,4015.0,-0.045926196593788125
608,0.0016798866436148118,0.0026,9.0,1.9,1.31,0.095,0.41,763.0,-0.0027513875246046957
609,0.00011930092131793399,0.002,8.0,0.8,1.09,0.068,0.38,2256.0,-0.057300776026332614
610,0.0005434381554409518,0.0045,7.0,2.0,1.41,0.067,0.45,2482.0,-0.20596635289045168
611,0.009613276882535554,0.0131,8.0,5.9,1.48,0.1,0.39,187.0,-0.002960204679093566
612,0.0005905034663724037,0.0012,10.0,2.7,1.23,0.1,0.38,1979.0,-0.0019323439840479692
614,0.0006090213174145227,0.0007,6.0,1.0,1.23,0.08900000000000001,0.43,786.0,-7.996330044750191e-06
615,0.0009046164781301122,0.0026,4.0,1.9,1.31,0.095,0.41,480.0,-0.030031724971824297
617,0.0007920097864293315,0.0026,4.0,1.9,1.31,0.095,0.41,552.0,-0.04021001193341722
618,0.002389960385532931,0.0026,1.0,1.9,1.31,0.095,0.41,28.0,-1.797307326869618e-05
620,0.0027361611762398382,0.0104,8.0,3.6,1.56,0.078,0.43,739.0,-0.08208041671003015
621,0.0018473580829303574,0.0026,6.0,1.9,1.31,0.095,0.41,406.0,-0.0013427623385898872
622,0.000550051783714738,0.0007,1.0,1.0,1.23,0.08900000000000001,0.43,50.0,-7.801266322983833e-05
623,0.0015256548606781299,0.002,3.0,0.8,1.09,0.068,0.38,45.0,-1.3303135557212132e-10
624,0.0005514964584942524,0.0012,10.0,2.7,1.23,0.1,0.38,2118.0,-0.002689788132654207
625,0.0010726752840326428,0.002,1.0,0.8,1.09,0.068,0.38,17.0,-5.451704821364204e-07
626,0.0006397061584083408,0.0007,9.0,1.0,1.23,0.08900000000000001,0.43,1355.25,-1.2692287973986597e-06
627,0.026281999768731943,0.297,3.0,14.5,2.68,0.045,0.43,49.0,-0.07135649245003951
628,4.37212372517359e-05,0.002,4.0,0.8,1.09,0.068,0.38,2474.0,-0.24192959266402048
629,0.003809596171458447,0.0045,6.0,2.0,1.41,0.067,0.45,298.0,-0.0010524671155787025
630,0.0008780559452151537,0.0012,6.0,2.7,1.23,0.1,0.38,687.0,-8.263367532439429e-05
631,0.0011739087435110236,0.0045,9.0,2.0,1.41,0.067,0.45,1611.0,-0.09152782611338228
632,0.007048779721266715,0.0131,7.0,5.9,1.48,0.1,0.39,217.0,-0.010816801162199444
633,0.003275317736109008,0.0045,9.0,2.0,1.41,0.067,0.45,581.0,-0.0046433894297016574
634,0.008570005295389736,0.0131,10.0,5.9,1.48,0.1,0.39,266.0,-0.0053953717694135905
635,0.13771153356412885,0.297,1.0,14.5,2.68,0.045,0.43,16.0,-0.03587970410421541
636,0.24694032635813806,0.297,9.0,14.5,2.68,0.045,0.43,24.0,-0.01605299696418
637,0.05333016532901226,0.297,4.0,14.5,2.68,0.045,0.43,39.0,-0.057277242663802144
638,0.00012500990205449933,0.0007,2.0,1.0,1.23,0.08900000000000001,0.43,877.0,-0.09516609176391506
639,0.0012066505745560974,0.0025,3.0,1.6,1.37,0.034,0.46,340.0,-0.025397405765687466
640,0.0017519109930719348,0.0026,7.0,1.9,1.31,0.095,0.41,526.0,-0.0020518836626014984
641,0.001098878337059079,0.0026,2.0,1.9,1.31,0.095,0.41,149.0,-0.01787096586876322
642,0.0030113187327529102,0.0104,2.0,3.6,1.56,0.078,0.43,151.0,-0.07380142480589373
643,0.0003331412417447024,0.0012,5.0,2.7,1.23,0.1,0.38,1409.0,-0.014457144551333375
644,0.00810009060625249,0.0104,1.0,3.6,1.56,0.078,0.43,26.0,-0.006056757955207805
645,0.14726037928563646,0.297,1.0,14.5,2.68,0.045,0.43,16.0,-0.03408053405146106
646,0.02804262061452984,0.044208332999999995,4.0,7.5,1.89,0.065,0.41,55.0,-0.022297926184955876
647,0.0014213863488410925,0.0025,2.0,1.6,1.37,0.034,0.46,157.0,-0.014126887466787988
648,0.000669309281702504,0.0012,4.0,2.7,1.23,0.1,0.38,519.0,-0.0009436756909577698
649,0.0013501132998079944,0.0045,7.0,2.0,1.41,0.067,0.45,1029.0,-0.07457762588277828
650,0.0008014879615423363,0.002,7.0,0.8,1.09,0.068,0.38,282.0,-1.8167553792764607e-05
651,0.00014467980210064425,0.0002,2.0,0.5,1.09,0.07,0.36,129.0,-1.3472594737389646e-09
652,0.008664409572855842,0.044208332999999995,5.0,7.5,1.89,0.065,0.41,177.0,-0.07893900517443338
653,0.020618780971339026,0.044208332999999995,8.0,7.5,1.89,0.065,0.41,133.0,-0.03745105349300875
654,0.0023551382713908743,0.0045,4.0,2.0,1.41,0.067,0.45,283.0,-0.021815260037757182
655,0.004141763006000375,0.0045,9.0,2.0,1.41,0.067,0.45,460.0,-0.00020224384283924418
656,0.0006402206696450206,0.0012,7.0,2.7,1.23,0.1,0.38,1151.0,-0.001240079534759196
657,0.020183900958494847,0.044208332999999995,9.0,7.5,1.89,0.065,0.41,152.0,-0.038486528629403924
658,0.23038428379951917,0.297,2.0,14.5,2.68,0.045,0.43,14.0,-0.019244393717336033
659,0.027219231838603468,0.044208332999999995,2.0,7.5,1.89,0.065,0.41,33.0,-0.023785499465013016
661,0.0008793900644779979,0.002,7.0,0.8,1.09,0.068,0.38,257.0,-7.0306045438644235e-06
662,0.004825307702256675,0.0104,7.0,3.6,1.56,0.078,0.43,371.0,-0.0365224325600295
663,0.011937385487282492,0.0131,2.0,5.9,1.48,0.1,0.39,36.0,-0.0002700010696303576
664,4.689958377389939e-05,0.0007,2.0,1.0,1.23,0.08900000000000001,0.43,2844.0,-0.3186783701133692
665,0.0007492152289312949,0.0012,3.0,2.7,1.23,0.1,0.38,311.0,-0.0004172227862290444
666,0.001969124947061438,0.0026,7.0,1.9,1.31,0.095,0.41,469.0,-0.0007246595117933209
667,0.015747853388104673,0.044208332999999995,7.0,7.5,1.89,0.065,0.41,148.0,-0.05043891868481549
669,0.00013907526633498687,0.0002,8.0,0.5,1.09,0.07,0.36,1382.5,-4.35205807572049e-09
670,0.0014752229830976731,0.0045,7.0,2.0,1.41,0.067,0.45,942.0,-0.06452787653241905
671,0.0016718699227618137,0.0131,9.0,5.9,1.48,0.1,0.39,1084.0,-0.07949752001321948
672,0.0005806722612020297,0.0007,9.0,1.0,1.23,0.08900000000000001,0.43,1491.5,-2.733104380406617e-05
673,7.767952502465262e-05,0.0002,4.0,0.5,1.09,0.07,0.36,787.0,-3.899003077520226e-05
674,0.0009039868660418298,0.0045,2.0,2.0,1.41,0.067,0.45,361.0,-0.1265030814559277
675,0.0014814902673593465,0.0025,4.0,1.6,1.37,0.034,0.46,409.0,-0.01180461138978477
676,0.005888923161719941,0.145916667,8.0,12.4,2.28,0.057,0.41,301.0,-0.10123365041234349
677,0.00017697065390861382,0.0007,2.0,1.0,1.23,0.08900000000000001,0.43,542.0,-0.048625253454715106
679,0.15942310947045035,0.297,5.0,14.5,2.68,0.045,0.43,24.0,-0.03185606542513232
680,0.012493577477419854,0.0131,1.0,5.9,1.48,0.1,0.39,19.0,-6.798824110537246e-05
681,0.07458002944923056,0.297,10.0,14.5,2.68,0.045,0.43,58.0,-0.05026758212881793
682,0.13574208086655898,0.145916667,2.0,12.4,2.28,0.057,0.41,14.0,-0.00590246655023314
683,0.008169482174897906,0.0104,3.0,3.6,1.56,0.078,0.43,83.0,-0.005713995579570302
684,0.26340135930373587,0.297,7.0,14.5,2.68,0.045,0.43,20.0,-0.012547194036888004
685,0.006897994745782018,0.0104,6.0,3.6,1.56,0.078,0.43,219.0,-0.013717636214377571
686,0.0012757262082465973,0.0026,6.0,1.9,1.31,0.095,0.41,587.0,-0.010793646842118209
687,0.0005268463407832744,0.0026,9.0,1.9,1.31,0.095,0.41,2408.0,-0.08032839123108965
688,0.00934402359025672,0.0131,4.0,5.9,1.48,0.1,0.39,91.0,-0.003503937500325409
689,5.8410939123055076e-05,0.0002,3.0,0.5,1.09,0.07,0.36,634.0,-0.00035440584192431625
690,0.005217060780615765,0.0104,6.0,3.6,1.56,0.078,0.43,289.0,-0.031032419769701478
691,0.0055044553352080715,0.0131,2.0,5.9,1.48,0.1,0.39,71.0,-0.0195066253535363
692,0.0013080702247026928,0.002,6.0,0.8,1.09,0.068,0.38,141.0,-1.304218571320389e-08
693,0.00022201365389520457,0.0104,3.0,3.6,1.56,0.078,0.43,2313.0,-0.3768993043363795
694,0.007242803220951967,0.0131,2.0,5.9,1.48,0.1,0.39,55.0,-0.009978421639786612
695,0.12532558293241255,0.297,5.0,14.5,2.68,0.045,0.43,28.0,-0.03830607002054684
696,0.0003302661048924893,0.0104,4.0,3.6,1.56,0.078,0.43,2217.0,-0.3183877027256762
697,0.031961683360510466,0.145916667,1.0,12.4,2.28,0.057,0.41,26.0,-0.055532979345053586
698,0.0004995923814858606,0.0045,2.0,2.0,1.41,0.067,0.45,687.0,-0.22044751808626822
699,0.00029812305681272186,0.0007,2.0,1.0,1.23,0.08900000000000001,0.43,282.0,-0.010098338931949377
700,0.0004064247634598565,0.0045,4.0,2.0,1.41,0.067,0.45,1730.0,-0.2578070986243559
702,0.00783214045738958,0.0104,10.0,3.6,1.56,0.078,0.43,345.0,-0.007478017422344342
703,0.2772963333882988,0.297,8.0,14.5,2.68,0.045,0.43,20.0,-0.009080895261475503
704,0.0007761293585497338,0.0012,9.0,2.7,1.23,0.1,0.38,1317.0,-0.0003085592718685904
705,0.017384999220988736,0.044208332999999995,10.0,7.5,1.89,0.065,0.41,191.0,-0.04569549417764987
706,0.009931358912810011,0.297,9.0,14.5,2.68,0.045,0.43,199.0,-0.0906432073816499
707,0.16581428926249359,0.297,3.0,14.5,2.68,0.045,0.43,20.0,-0.030709927928292493
708,0.008434924432201438,0.0131,5.0,5.9,1.48,0.1,0.39,127.0,-0.005779439793807813
709,0.0005124327179837075,0.0007,6.0,1.0,1.23,0.08900000000000001,0.43,933.0,-0.00022180645464980363
710,0.0011082026656925913,0.002,10.0,0.8,1.09,0.068,0.38,347.0,-3.2706460632448027e-07
711,0.003243872665644632,0.0045,4.0,2.0,1.41,0.067,0.45,204.0,-0.004966391523064551
712,0.00013072415123569468,0.0002,2.0,0.5,1.09,0.07,0.36,143.0,-2.1180193901687967e-08
713,0.00028084743698240754,0.0007,6.0,1.0,1.23,0.08900000000000001,0.43,1703.0,-0.012766153161691822
714,0.0006335628419926396,0.0045,2.0,2.0,1.41,0.067,0.45,536.0,-0.18046499555507117
715,0.0007180291591911158,0.0012,8.0,2.7,1.23,0.1,0.38,1223.0,-0.0005811721751444203
716,0.0005949706437697286,0.0025,9.0,1.6,1.37,0.034,0.46,3098.0,-0.10744324125770847
717,8.149358475797721e-06,0.0002,1.0,0.5,1.09,0.07,0.36,1164.0,-0.16552337046769058
718,0.004043377141972107,0.0045,8.0,2.0,1.41,0.067,0.45,406.0,-0.00037077907094984816
720,0.03784742131966089,0.044208332999999995,2.0,7.5,1.89,0.065,0.41,24.0,-0.007199394515556742
721,0.007783386843085146,0.044208332999999995,9.0,7.5,1.89,0.065,0.41,338.0,-0.08408888050480941
722,0.001104339832525048,0.0045,9.0,2.0,1.41,0.067,0.45,1710.0,-0.0993311003296848
723,0.000348063632110127,0.002,9.0,0.8,1.09,0.068,0.38,928.0,-0.0031065872402897855
724,0.0043295286970324275,0.0045,7.0,2.0,1.41,0.067,0.45,319.75,-3.2188511597340416e-05
725,0.07550109689211208,0.297,7.0,14.5,2.68,0.045,0.43,45.0,-0.05000342034636702
726,0.001441149409759331,0.0025,6.0,1.6,1.37,0.034,0.46,741.0,-0.013328546575271567
727,0.0002239494507592704,0.0007,4.0,1.0,1.23,0.08900000000000001,0.43,1163.0,-0.026808615768919224
728,8.203478511294562e-05,0.0007,5.0,1.0,1.23,0.08900000000000001,0.43,4791.0,-0.17486719327089098
729,0.0015382528832280325,0.0131,3.0,5.9,1.48,0.1,0.39,354.0,-0.08458684015913408
731,0.0012633583329153862,0.002,1.0,0.8,1.09,0.068,0.38,15.0,-2.8500241185853902e-08
732,0.08679781152464536,0.145916667,5.0,12.4,2.28,0.057,0.41,32.0,-0.025580977922472093
733,0.003990408673600695,0.0045,6.0,2.0,1.41,0.067,0.45,285.0,-0.0004883729551363367
734,0.0004574467972639253,0.0012,8.0,2.7,1.23,0.1,0.38,1914.0,-0.005696770424648869
735,0.007674083585495318,0.0131,6.0,5.9,1.48,0.1,0.39,169.0,-0.008279742949298568
736,0.0013635411788495697,0.0025,3.0,1.6,1.37,0.034,0.46,296.0,-0.01667330738479365
738,7.270871832997818e-05,0.0002,5.0,0.5,1.09,0.07,0.36,1225.0,-6.979259994976817e-05
739,0.003847498119911837,0.0045,6.0,2.0,1.41,0.067,0.45,295.0,-0.000911788721285142
740,0.0004540343569340168,0.0025,2.0,1.6,1.37,0.034,0.46,672.0,-0.15074156166381383
741,0.01118751529762188,0.0131,2.0,5.9,1.48,0.1,0.39,38.0,-0.00078667884706991
742,0.002296933679442466,0.0026,6.0,1.9,1.31,0.095,0.41,327.5,-6.051001101727448e-05
743,0.07142907040102242,0.145916667,4.0,12.4,2.28,0.057,0.41,32.0,-0.03216116481341709
744,0.14163840937447436,0.297,4.0,14.5,2.68,0.045,0.43,24.0,-0.03513327396064911
745,0.0018503305182753869,0.0026,8.0,1.9,1.31,0.095,0.41,594.0,-0.0013241588659790556
746,0.0016960635777778779,0.002,1.0,0.8,1.09,0.068,0.38,13.0,-7.165643415304736e-13
747,0.07295825336471479,0.297,7.0,14.5,2.68,0.045,0.43,46.0,-0.05073913532329977
748,0.0039085190718553394,0.0045,3.0,2.0,1.41,0.067,0.45,115.0,-0.000711041511628357
749,0.11315669225788173,0.297,7.0,14.5,2.68,0.045,0.43,35.0,-0.04082320778152936
750,0.0005190991314420744,0.0012,2.0,2.7,1.23,0.1,0.38,250.0,-0.003506357509394274
751,0.003241559699052794,0.0131,6.0,5.9,1.48,0.1,0.39,381.0,-0.043034019711891455
752,0.007826150371021285,0.044208332999999995,9.0,7.5,1.89,0.065,0.41,336.0,-0.08382511698207559
753,0.10496205259774441,0.297,3.0,14.5,2.68,0.045,0.43,24.0,-0.04261363743822476
754,0.004351282745770122,0.145916667,2.0,12.4,2.28,0.057,0.41,117.0,-0.10990162407484998
755,0.0011570856355040235,0.0026,6.0,1.9,1.31,0.095,0.41,647.0,-0.015201041308244243
756,0.0021212635269504637,0.0025,2.0,1.6,1.37,0.034,0.46,103.0,-0.000652092411323245
757,0.13486758812432886,0.145916667,9.0,12.4,2.28,0.057,0.41,33.0,-0.006301044619213958
758,0.00040488094835289614,0.0012,9.0,2.7,1.23,0.1,0.38,2515.0,-0.008490207290253154
759,0.14157177086491746,0.145916667,1.0,12.4,2.28,0.057,0.41,11.0,-0.0030189544812580893
760,0.0016484962461049478,0.0131,10.0,5.9,1.48,0.1,0.39,1233.0,-0.08034985767598453
761,0.00270767391498711,0.0131,10.0,5.9,1.48,0.1,0.39,788.0,-0.052233868919560375
762,0.0025905497043758312,0.0131,5.0,5.9,1.48,0.1,0.39,383.0,-0.05457759580019375
763,0.0024275405201770513,0.0131,10.0,5.9,1.48,0.1,0.39,871.0,-0.05808046038329401
764,0.0005743624476673679,0.0007,3.0,1.0,1.23,0.08900000000000001,0.43,283.0,-3.4582919451819574e-05
765,0.003628723486485201,0.0131,8.0,5.9,1.48,0.1,0.39,471.0,-0.03755420687513047
766,0.09210514996390025,0.297,9.0,14.5,2.68,0.045,0.43,47.0,-0.04562270252137515
767,0.27989879945795265,0.297,10.0,14.5,2.68,0.045,0.43,23.0,-0.00833995306440575
768,0.026701431500644735,0.297,10.0,14.5,2.68,0.045,0.43,112.0,-0.07104571092674614
769,0.008579582880645292,0.0104,2.0,3.6,1.56,0.078,0.43,51.0,-0.0038948032416175316
770,7.505844101710163e-05,0.0002,6.0,0.5,1.09,0.07,0.36,1605.0,-5.3075185240446716e-05
771,0.01145680503605553,0.044208332999999995,7.0,7.5,1.89,0.065,0.41,193.0,-0.06560629457855863
772,0.0014848967535493654,0.002,2.0,0.8,1.09,0.068,0.38,26.0,-3.5651608613079995e-10
773,0.00038022019969549106,0.0007,2.0,1.0,1.23,0.08900000000000001,0.43,218.0,-0.003007037329005323
774,0.041510834067445115,0.145916667,10.0,12.4,2.28,0.057,0.41,88.0,-0.048327256996988595
775,0.0004746259424528815,0.0007,3.0,1.0,1.23,0.08900000000000001,0.43,341.0,-0.0005317648235861244
776,0.0011853466063837372,0.0104,4.0,3.6,1.56,0.078,0.43,742.0,-0.16277259032529867
778,0.004447261211254884,0.0045,7.0,2.0,1.41,0.067,0.45,311.0,-1.8109669499715681e-06
779,0.0024702995392154427,0.044208332999999995,6.0,7.5,1.89,0.065,0.41,571.0,-0.14210682498177665
780,0.0034836242469774865,0.0104,2.0,3.6,1.56,0.078,0.43,130.0,-0.06163040549590705
781,0.007387009705836227,0.044208332999999995,8.0,7.5,1.89,0.065,0.41,314.0,-0.08660884602265793
782,0.011568887389148415,0.0131,6.0,5.9,1.48,0.1,0.39,114.0,-0.00048676087014160225
783,9.14308169142507e-05,0.0002,6.0,0.5,1.09,0.07,0.36,1320.0,-7.255702609555591e-06
784,0.002177684996916069,0.0104,4.0,3.6,1.56,0.078,0.43,425.0,-0.1026237086255411
785,0.031952208221200824,0.044208332999999995,5.0,7.5,1.89,0.065,0.41,59.0,-0.015738858680261848
786,0.0020485637508101625,0.0026,5.0,1.9,1.31,0.095,0.41,287.0,-0.00045566061479065
787,0.11657200583294824,0.297,3.0,14.5,2.68,0.045,0.43,23.0,-0.040101151899855046
788,0.000301475783882661,0.0007,8.0,1.0,1.23,0.08900000000000001,0.43,2422.0,-0.00964293719194531
789,0.0003753218155853255,0.0025,3.0,1.6,1.37,0.034,0.46,1307.0,-0.18471747045024528
790,0.009060681485187001,0.0104,2.0,3.6,1.56,0.078,0.43,47.0,-0.0022003510385590593
791,0.0015263454375663908,0.0026,10.0,1.9,1.31,0.095,0.41,962.0,-0.0048463532835797095
792,0.001658410018546358,0.0025,9.0,1.6,1.37,0.034,0.46,1107.0,-0.006584914660355014
793,0.0006445825943670229,0.002,10.0,0.8,1.09,0.068,0.38,590.0,-0.0001122046772634812
794,0.0007635878814438669,0.0025,4.0,1.6,1.37,0.034,0.46,841.0,-0.07292645206948728
795,0.006141008004614633,0.0104,3.0,3.6,1.56,0.078,0.43,111.0,-0.020417245667142203
796,0.004217176494915237,0.0045,10.0,2.0,1.41,0.067,0.45,517.0,-0.00011241328376846739
798,0.0005736160637705997,0.0012,4.0,2.7,1.23,0.1,0.38,605.0,-0.0022335637729561588
799,0.011198244915526281,0.0131,10.0,5.9,1.48,0.1,0.39,205.0,-0.0007771423869708134
800,0.007726995145424704,0.0131,1.0,5.9,1.48,0.1,0.39,28.0,-0.008086141093122522
801,0.1041124989242439,0.145916667,10.0,12.4,2.28,0.057,0.41,45.0,-0.018712879109905628
802,0.06786812971115803,0.145916667,10.0,12.4,2.28,0.057,0.41,62.0,-0.03379591517942319
803,0.0013276255200525941,0.297,8.0,14.5,2.68,0.045,0.43,728.0,-0.13534582120952832
804,0.046555025170109066,0.145916667,4.0,12.4,2.28,0.057,0.41,42.0,-0.04508072164471288
805,0.0013687998839276214,0.0045,8.0,2.0,1.41,0.067,0.45,1198.0,-0.07298267784770862
806,0.000202925105663436,0.0025,1.0,1.6,1.37,0.034,0.46,642.0,-0.298536757509019
807,0.02539379023007487,0.044208332999999995,3.0,7.5,1.89,0.065,0.41,47.0,-0.02723432485664329
810,0.03556163235973281,0.297,6.0,14.5,2.68,0.045,0.43,63.0,-0.06540319851097998
811,0.0008717813008400969,0.0045,6.0,2.0,1.41,0.067,0.45,1316.0,-0.1316866442521976
813,0.07740781867089727,0.145916667,10.0,12.4,2.28,0.057,0.41,56.0,-0.02952119531588955
814,0.0021005584077705484,0.0025,3.0,1.6,1.37,0.034,0.46,190.0,-0.0007577673783895807
815,0.00031968268136234036,0.0007,3.0,1.0,1.23,0.08900000000000001,0.43,507.0,-0.007474440325029093
816,0.002321463681965966,0.0025,10.0,1.6,1.37,0.034,0.46,908.5,-8.052737608007042e-05
817,0.0010075366625738303,0.002,5.0,0.8,1.09,0.068,0.38,138.0,-1.3410348635951805e-06
818,0.0020287992768861078,0.0045,10.0,2.0,1.41,0.067,0.45,1069.0,-0.033359488905801954
819,0.0018289938223077045,0.0026,7.0,1.9,1.31,0.095,0.41,505.0,-0.0014620724480754435
820,0.000923007224308058,0.0026,5.0,1.9,1.31,0.095,0.41,637.0,-0.02862140686263069
821,0.0007814319141043313,0.0131,6.0,5.9,1.48,0.1,0.39,1351.0,-0.13032155947004734
822,0.03845966608200938,0.044208332999999995,9.0,7.5,1.89,0.065,0.41,84.0,-0.006399396472469631
823,0.001175238959893672,0.002,10.0,0.8,1.09,0.068,0.38,327.0,-1.1927915392051723e-07
824,0.0022258065650369247,0.145916667,9.0,12.4,2.28,0.057,0.41,688.0,-0.13019123371774688
825,0.0030846598264916065,0.0045,3.0,2.0,1.41,0.067,0.45,145.0,-0.006833525935716659
826,0.0002569010869983788,0.0007,8.0,1.0,1.23,0.08900000000000001,0.43,2845.0,-0.017527208655221664
827,0.0020751219164278703,0.0026,1.0,1.9,1.31,0.095,0.41,32.0,-0.0003848073293693502
828,8.63923800182633e-05,0.0007,2.0,1.0,1.23,0.08900000000000001,0.43,1426.0,-0.16361183072436197
829,0.0002499194547338895,0.0007,10.0,1.0,1.23,0.08900000000000001,0.43,4023.0,-0.0191962427695086
830,0.02235672921699414,0.044208332999999995,8.0,7.5,1.89,0.065,0.41,124.0,-0.03350408680005945
831,0.19372578099101725,0.297,4.0,14.5,2.68,0.045,0.43,20.0,-0.025799704044323517
832,0.0008625074678940766,0.0131,8.0,5.9,1.48,0.1,0.39,1702.0,-0.12314977967598564
833,0.0011924943554191601,0.002,2.0,0.8,1.09,0.068,0.38,33.0,-9.104252365634329e-08
834,0.0007861861064194323,0.0045,5.0,2.0,1.41,0.067,0.45,1171.0,-0.1468569902390694
835,0.13931871265589202,0.145916667,1.0,12.4,2.28,0.057,0.41,11.0,-0.004192542588358781
836,0.034756029236640555,0.044208332999999995,1.0,7.5,1.89,0.065,0.41,18.0,-0.01148779289356393
837,0.001782131010147812,0.0025,10.0,1.6,1.37,0.034,0.46,1183.0,-0.004099367247821677
838,0.0017820433289649548,0.0104,3.0,3.6,1.56,0.078,0.43,379.0,-0.1215818153952429
839,0.007320819538394068,0.0131,6.0,5.9,1.48,0.1,0.39,177.0,-0.009654675887278245
841,0.009390792597929491,0.044208332999999995,2.0,7.5,1.89,0.065,0.41,76.0,-0.07508715947250193
842,0.00033185793332010714,0.0007,1.0,1.0,1.23,0.08900000000000001,0.43,82.0,-0.006276673152471858
843,0.0012128076561215505,0.0025,2.0,1.6,1.37,0.034,0.46,191.0,-0.024998188258408355
844,0.0021362626092340255,0.0045,10.0,2.0,1.41,0.067,0.45,1016.0,-0.029124367429391555
845,0.0025463800295664938,0.0026,1.0,1.9,1.31,0.095,0.41,25.75,-2.0887722739613698e-07
846,0.0011046677869243993,0.0045,6.0,2.0,1.41,0.067,0.45,1040.0,-0.09929260515202609
847,0.0013605964992863756,0.0025,1.0,1.6,1.37,0.034,0.46,64.0,-0.016809838015556244
848,0.09423533680266527,0.145916667,10.0,12.4,2.28,0.057,0.41,48.0,-0.02258706059064222
849,0.03206291369539733,0.145916667,7.0,12.4,2.28,0.057,0.41,80.0,-0.055447074775517115
850,0.0037422923239249107,0.044208332999999995,6.0,7.5,1.89,0.065,0.41,411.0,-0.12030967150673866
851,0.00024114665422338906,0.0007,5.0,1.0,1.23,0.08900000000000001,0.43,1512.0,-0.021504024998154913
853,0.02333840326191797,0.044208332999999995,9.0,7.5,1.89,0.065,0.41,134.0,-0.031397068086582755
856,0.001824000550199106,0.0025,1.0,1.6,1.37,0.034,0.46,44.0,-0.003434928241433182
857,0.001213506248649931,0.002,3.0,0.8,1.09,0.068,0.38,56.0,-6.510452204293548e-08
858,0.2758049042737052,0.297,2.0,14.5,2.68,0.045,0.43,12.0,-0.009488720512625289
859,0.0006395459546961261,0.0007,7.0,1.0,1.23,0.08900000000000001,0.43,941.5,-1.2842984833732614e-06
860,0.0024363877542295863,0.0045,7.0,2.0,1.41,0.067,0.45,567.0,-0.019496553213029993
861,0.025761497169803894,0.044208332999999995,10.0,7.5,1.89,0.065,0.41,135.0,-0.026521973003466686
862,0.0037614613016341038,0.0104,8.0,3.6,1.56,0.078,0.43,548.0,-0.0554368369343376
863,0.004542226718062851,0.0131,4.0,5.9,1.48,0.1,0.39,178.0,-0.027366743175566307
864,0.024692808986859573,0.044208332999999995,7.0,7.5,1.89,0.065,0.41,101.0,-0.028618558913339736
866,0.0016011412558747668,0.0026,7.0,1.9,1.31,0.095,0.41,575.0,-0.0037113501102927038
867,0.027055904425360888,0.145916667,1.0,12.4,2.28,0.057,0.41,28.0,-0.060030993786456696
868,0.0002298709710225564,0.0012,1.0,2.7,1.23,0.1,0.38,239.0,-0.031251738596376935
869,0.004398716274951778,0.0131,1.0,5.9,1.48,0.1,0.39,47.0,-0.028760698994347998
870,0.0007638960456161413,0.0025,4.0,1.6,1.37,0.034,0.46,841.0,-0.0728751825370968
871,0.10495991750340579,0.145916667,9.0,12.4,2.28,0.057,0.41,41.0,-0.01838341860757124
872,8.671726446424043e-05,0.0045,1.0,2.0,1.41,0.067,0.45,1000.0,-0.5488539136331261
873,0.0036986120930648405,0.044208332999999995,5.0,7.5,1.89,0.065,0.41,348.0,-0.12091092374708158
874,0.271282708657471,0.297,9.0,14.5,2.68,0.045,0.43,22.0,-0.010664334268745423
875,7.701018374195509e-05,0.0007,2.0,1.0,1.23,0.08900000000000001,0.43,1642.0,-0.18885203597042988
876,0.03782038212397898,0.044208332999999995,5.0,7.5,1.89,0.065,0.41,51.0,-0.007235110460950384
877,0.008076725581302647,0.0104,5.0,3.6,1.56,0.078,0.43,151.0,-0.006174535450097646
878,0.2662495475738716,0.297,8.0,14.5,2.68,0.045,0.43,21.0,-0.011886979892869647
879,0.002007032559987412,0.0026,5.0,1.9,1.31,0.095,0.41,293.0,-0.0005849145595533211
880,4.994829859765872e-05,0.0002,2.0,0.5,1.09,0.07,0.36,361.0,-0.0009095259901933748
881,0.04055115469030612,0.044208332999999995,1.0,7.5,1.89,0.065,0.41,15.0,-0.003799200501910978
882,0.0011704478684296175,0.0026,3.0,1.9,1.31,0.095,0.41,246.0,-0.014639051443354048
883,0.0008619962414328109,0.0012,9.0,2.7,1.23,0.1,0.38,1187.0,-0.00010401342337612698
884,0.0037480035880291724,0.0045,5.0,2.0,1.41,0.067,0.45,238.0,-0.0013086962975652051
885,0.001368639440316242,0.0026,2.0,1.9,1.31,0.095,0.41,118.0,-0.008135686178037727
886,0.035943635891990094,0.044208332999999995,3.0,7.5,1.89,0.065,0.41,34.0,-0.00979184142898832
887,0.06150991888238564,0.145916667,4.0,12.4,2.28,0.057,0.41,35.0,-0.036857546158349914
888,0.032728700791208404,0.297,3.0,14.5,2.68,0.045,0.43,44.0,-0.06704279751385521
889,0.001100986246271563,0.0045,8.0,2.0,1.41,0.067,0.45,1485.0,-0.09972571751767267
890,0.0004912172599399843,0.0007,3.0,1.0,1.23,0.08900000000000001,0.43,330.0,-0.00036864846150557894
891,0.008384943072282118,0.0131,3.0,5.9,1.48,0.1,0.39,74.0,-0.00592588809474889
892,0.12084801956182038,0.145916667,4.0,12.4,2.28,0.057,0.41,22.0,-0.01217373687767397
894,0.1488699637610076,0.297,8.0,14.5,2.68,0.045,0.43,33.0,-0.033782287926695756
896,0.00198426853519625,0.0026,4.0,1.9,1.31,0.095,0.41,218.0,-0.0006661884804285197
897,0.056463966027563844,0.297,7.0,14.5,2.68,0.045,0.43,54.0,-0.05610755618355104
898,0.0283449063742091,0.044208332999999995,10.0,7.5,1.89,0.065,0.41,124.0,-0.021761736772657563
901,0.14179003397300088,0.297,10.0,14.5,2.68,0.045,0.43,39.0,-0.035104644373935144
902,0.0013368281173269997,0.0025,6.0,1.6,1.37,0.034,0.46,800.0,-0.017961531899184435
903,0.0035333445352097007,0.0045,10.0,2.0,1.41,0.067,0.45,615.0,-0.002497852783582304
904,7.392396693971607e-05,0.0002,10.0,0.5,1.09,0.07,0.36,3688.0,-6.059492955171118e-05
905,0.0003556086010476681,0.0007,10.0,1.0,1.23,0.08900000000000001,0.43,2827.0,-0.0044134677980045235
906,0.035002843647642744,0.145916667,1.0,12.4,2.28,0.057,0.41,25.0,-0.05305255891123537
907,0.0004252171017199749,0.0012,2.0,2.7,1.23,0.1,0.38,306.0,-0.0072849468769504684
908,0.0007992440269185847,0.0045,8.0,2.0,1.41,0.067,0.45,2024.0,-0.14439804505921308
909,0.0038946701306744095,0.0045,2.0,2.0,1.41,0.067,0.45,67.0,-0.0007538996201139883
910,0.0033073436447757345,0.0045,8.0,2.0,1.41,0.067,0.45,495.0,-0.004329023149230562
911,0.022179011460181836,0.044208332999999995,4.0,7.5,1.89,0.065,0.41,67.0,-0.033894527921741455
912,0.0014050357508889385,0.0045,8.0,2.0,1.41,0.067,0.45,1167.0,-0.06998720583608414
913,0.08985010214852851,0.145916667,5.0,12.4,2.28,0.057,0.41,31.0,-0.02434144510270056
914,0.001567146216086153,0.0025,10.0,1.6,1.37,0.034,0.46,1345.0,-0.009001161955414718
916,0.1987138094535514,0.297,3.0,14.5,2.68,0.045,0.43,18.0,-0.024926057653791536
917,0.016959570981475207,0.044208332999999995,3.0,7.5,1.89,0.065,0.41,66.0,-0.04688580138899526
918,0.001963309116475057,0.0026,7.0,1.9,1.31,0.095,0.41,471.0,-0.0007480883775373645
919,0.0023931408774653775,0.0025,10.0,1.6,1.37,0.034,0.46,881.5,-1.970992242340443e-05
920,1.9530619390937416e-05,0.002,3.0,0.8,1.09,0.068,0.38,4042.0,-0.5263788590155843
921,0.03072968544238997,0.044208332999999995,5.0,7.5,1.89,0.065,0.41,61.0,-0.017706055585683226
922,0.0021913222618562657,0.0104,6.0,3.6,1.56,0.078,0.43,659.0,-0.10204705069171781
923,0.007005506079843248,0.0104,8.0,3.6,1.56,0.078,0.43,299.0,-0.012891808042160263
924,0.0030574573899883285,0.0045,4.0,2.0,1.41,0.067,0.45,216.0,-0.007193578763011338
925,0.001033840582253451,0.0025,5.0,1.6,1.37,0.034,0.46,816.0,-0.03894849997245047
927,8.445680817402613e-05,0.0002,10.0,0.5,1.09,0.07,0.36,3228.0,-1.7274684456407795e-05
928,0.021473998167475403,0.044208332999999995,10.0,7.5,1.89,0.065,0.41,159.0,-0.03547217067321173
929,0.03132213393660839,0.145916667,8.0,12.4,2.28,0.057,0.41,90.0,-0.05608170928075218
930,0.0001297732053472988,0.0002,3.0,0.5,1.09,0.07,0.36,290.5,-2.509491517725556e-08
931,0.0022226203097253884,0.0045,10.0,2.0,1.41,0.067,0.45,976.0,-0.02604274931762303
932,0.00028388004540960064,0.0012,8.0,2.7,1.23,0.1,0.38,3070.0,-0.0208088275004049
933,0.010360713876091372,0.044208332999999995,7.0,7.5,1.89,0.065,0.41,210.0,-0.07039661709783401
934,0.005786607381921766,0.0104,7.0,3.6,1.56,0.078,0.43,310.0,-0.024139710936225415
936,0.00018691546485375484,0.002,5.0,0.8,1.09,0.068,0.38,705.0,-0.021905601750602983
937,9.119939500083389e-05,0.002,1.0,0.8,1.09,0.068,0.38,173.0,-0.09030881535526944
939,0.0002189615884756286,0.0007,3.0,1.0,1.23,0.08900000000000001,0.43,764.0,-0.028567369893871496
940,0.0005157327520609008,0.0012,1.0,2.7,1.23,0.1,0.38,92.0,-0.003602706010378562
941,0.0016203411512850186,0.0025,1.0,1.6,1.37,0.034,0.46,50.0,-0.0075267969896187
942,0.00013511203649925263,0.0002,3.0,0.5,1.09,0.07,0.36,278.5,-9.427678496749326e-09
943,0.0051804047582416695,0.0131,5.0,5.9,1.48,0.1,0.39,201.0,-0.021894662427955805
944,0.00042515720663463996,0.0007,1.0,1.0,1.23,0.08900000000000001,0.43,63.0,-0.0014017024686225096
945,0.0387671964942235,0.145916667,9.0,12.4,2.28,0.057,0.41,85.0,-0.050234970850405125
946,0.000993689734040552,0.0012,3.0,2.7,1.23,0.1,0.38,236.5,-1.0523346866619072e-05
948,0.0023960845527347028,0.0026,2.0,1.9,1.31,0.095,0.41,68.75,-1.6303831817174547e-05
949,0.266154518882408,0.297,5.0,14.5,2.68,0.045,0.43,17.0,-0.011909344124232774
950,0.0014617737250365137,0.0025,6.0,1.6,1.37,0.034,0.46,730.0,-0.012532129003159758
951,0.041440244636702074,0.145916667,6.0,12.4,2.28,0.057,0.41,59.0,-0.04837497406939972
952,0.014489992453237791,0.044208332999999995,9.0,7.5,1.89,0.065,0.41,201.0,-0.05441705668671733
954,0.0004845375779341519,0.0012,8.0,2.7,1.23,0.1,0.38,1808.0,-0.00461528253908595
955,0.12159664069862659,0.145916667,1.0,12.4,2.28,0.057,0.41,14.0,-0.011874824125545568
956,0.010766533111952265,0.0131,4.0,5.9,1.48,0.1,0.39,79.0,-0.001213469513566415
957,0.0017321736388535864,0.0025,2.0,1.6,1.37,0.034,0.46,126.0,-0.005003868613793008
958,0.0025047808540469485,0.0045,8.0,2.0,1.41,0.067,0.45,654.0,-0.01769250214804828
959,0.0010934963009726067,0.002,3.0,0.8,1.09,0.068,0.38,61.0,-4.0484487902740467e-07
960,0.0034498345808501385,0.0045,1.0,2.0,1.41,0.067,0.45,31.0,-0.0030992410775311898
961,0.0008137615012361863,0.002,4.0,0.8,1.09,0.068,0.38,121.0,-1.5681161269848134e-05
962,0.03229961303313546,0.044208332999999995,10.0,7.5,1.89,0.065,0.41,110.0,-0.01519282665849907
963,0.001771529056402741,0.0026,2.0,1.9,1.31,0.095,0.41,92.0,-0.0018872923423970287
965,0.0037867810526489546,0.0045,3.0,2.0,1.41,0.067,0.45,119.0,-0.0011433103134560528
966,0.0002460419832033793,0.0007,8.0,1.0,1.23,0.08900000000000001,0.43,2972.0,-0.020186042244479094
967,0.006138504878545035,0.0104,2.0,3.6,1.56,0.078,0.43,71.0,-0.0204421432654662
968,0.05258870268376417,0.297,7.0,14.5,2.68,0.045,0.43,56.0,-0.057562853613408335
969,0.00675729244355057,0.0104,4.0,3.6,1.56,0.078,0.43,140.0,-0.014843573872772495
970,0.0002708039917147005,0.0012,8.0,2.7,1.23,0.1,0.38,3216.0,-0.02293741235215323
971,0.0008921738491369002,0.002,3.0,0.8,1.09,0.068,0.38,72.0,-5.99395565847161e-06
972,0.004913068351650423,0.044208332999999995,7.0,7.5,1.89,0.065,0.41,384.0,-0.10657717195902044
973,0.07626259852135425,0.145916667,9.0,12.4,2.28,0.057,0.41,52.0,-0.030017797627118342
975,0.018121954881761982,0.044208332999999995,8.0,7.5,1.89,0.065,0.41,149.0,-0.043697304095838926
976,0.002217687390729279,0.0045,10.0,2.0,1.41,0.067,0.45,978.0,-0.026211528436326258
977,0.006838039118596679,0.0131,9.0,5.9,1.48,0.1,0.39,294.0,-0.011783458482748772
978,4.436348613340866e-05,0.0002,5.0,0.5,1.09,0.07,0.36,2000.0,-0.001693098293724535
980,0.078301796573012,0.145916667,6.0,12.4,2.28,0.057,0.41,39.0,-0.02913626116441328
981,0.00012751077336110427,0.0026,5.0,1.9,1.31,0.095,0.41,4510.0,-0.31403338331131236
982,0.00011226584720281224,0.0007,1.0,1.0,1.23,0.08900000000000001,0.43,413.0,-0.11157978866416023
983,0.0022598992759109583,0.0026,10.0,1.9,1.31,0.095,0.41,652.0,-8.88884904258226e-05
984,0.0017644000886051679,0.0045,10.0,2.0,1.41,0.067,0.45,1229.0,-0.04600293565935901
985,0.001075624054510067,0.0012,8.0,2.7,1.23,0.1,0.38,819.0,-1.0729057080747455e-06
986,0.0006369668805943763,0.0045,1.0,2.0,1.41,0.067,0.45,245.0,-0.17731130142628507
987,0.011852600805151605,0.0131,10.0,5.9,1.48,0.1,0.39,194.0,-0.00031377146560387703
988,0.00023953748408944811,0.0012,3.0,2.7,1.23,0.1,0.38,982.0,-0.02902838354430558
989,0.0018303501512524046,0.0025,6.0,1.6,1.37,0.034,0.46,582.0,-0.0033411862937044825
990,6.674368930048767e-05,0.0002,9.0,0.5,1.09,0.07,0.36,3463.0,-0.00013850270620798983
992,0.006258512920447917,0.0104,6.0,3.6,1.56,0.078,0.43,241.0,-0.019269872966298243
993,0.007453646461846321,0.0104,2.0,3.6,1.56,0.078,0.43,58.0,-0.00975769797602751
994,0.279400143075191,0.297,7.0,14.5,2.68,0.045,0.43,19.0,-0.008485091355504733
995,0.001437443889713488,0.044208332999999995,9.0,7.5,1.89,0.065,0.41,1311.0,-0.17246150089505333
996,0.0007677725665280546,0.002,7.0,0.8,1.09,0.068,0.38,294.0,-2.7108195337069184e-05
997,0.0005058025600328016,0.0012,10.0,2.7,1.23,0.1,0.38,2308.0,-0.00390087540706243
998,0.007347134665752788,0.0104,6.0,3.6,1.56,0.078,0.43,205.0,-0.010458753937240658
999,0.0020144660386671033,0.0025,10.0,1.6,1.37,0.034,0.46,1046.0,-0.0013191388498917
1000,0.00013481234530380323,0.145916667,9.0,12.4,2.28,0.057,0.41,5530.0,-0.24067403504908594
1001,0.0015725505102163063,0.044208332999999995,10.0,7.5,1.89,0.065,0.41,1358.0,-0.16725158844892477
1002,1.7582470564503e-06,0.0002,1.0,0.5,1.09,0.07,0.36,2977.0,-0.5842536782731208
1003,0.0017330349828310284,0.044208332999999995,10.0,7.5,1.89,0.065,0.41,1257.0,-0.16169773880420987
1004,2.5320737900589395e-05,0.002,2.0,0.8,1.09,0.068,0.38,1834.0,-0.41474384472553333
1005,5.199705006571278e-05,0.0026,3.0,1.9,1.31,0.095,0.41,5765.0,-0.541591334750543
1006,0.00017127193016748014,0.0104,5.0,3.6,1.56,0.078,0.43,4758.0,-0.4183210884410006
1007,0.0027527247496700494,0.044208332999999995,3.0,7.5,1.89,0.065,0.41,272.0,-0.1363152538913036
1009,0.006055789285974248,0.145916667,5.0,12.4,2.28,0.057,0.41,194.0,-0.10044616095709429
1010,0.01275762702196275,0.145916667,4.0,12.4,2.28,0.057,0.41,97.0,-0.0800601475193389
1011,0.0004955374294258078,0.0104,7.0,3.6,1.56,0.078,0.43,2861.0,-0.26404647370095374
1014,0.00311889231780939,0.044208332999999995,5.0,7.5,1.89,0.065,0.41,398.0,-0.12973412436231263
1017,0.0008610248546578584,0.0104,10.0,3.6,1.56,0.078,0.43,2648.0,-0.19767182045524354
1019,0.0003412532694043722,0.0104,7.0,3.6,1.56,0.078,0.43,3900.0,-0.31381061245597414
1020,0.025486578565813895,0.297,7.0,14.5,2.68,0.045,0.43,88.0,-0.07195961389927223
1021,0.000952679042574277,0.0131,6.0,5.9,1.48,0.1,0.39,1138.0,-0.11610707877376007
1022,0.027145812532801405,0.297,8.0,14.5,2.68,0.045,0.43,93.0,-0.07072166861632664
1023,0.0009723005740210742,0.145916667,8.0,12.4,2.28,0.057,0.41,1135.0,-0.15789945101486735
1025,0.00035290179253819347,0.044208332999999995,4.0,7.5,1.89,0.065,0.41,1737.0,-0.26549103812201474
1026,8.197705352261274e-05,0.0104,2.0,3.6,1.56,0.078,0.43,3276.0,-0.5514352961141995
1027,0.00018874710073909823,0.0045,2.0,2.0,1.41,0.067,0.45,1688.0,-0.41794089270139967
1030,0.00010806600475732435,0.0012,2.0,2.7,1.23,0.1,0.38,1358.0,-0.08801767543579796
1032,0.0002571057636670032,0.0026,5.0,1.9,1.31,0.095,0.41,2320.0,-0.18067069403985667
1033,0.0022860896102414106,0.044208332999999995,8.0,7.5,1.89,0.065,0.41,806.0,-0.14630546142338471
1034,0.015716754922366818,0.297,2.0,14.5,2.68,0.045,0.43,51.0,-0.08146753577858944
1035,0.00014248818107942117,0.0026,2.0,1.9,1.31,0.095,0.41,1501.0,-0.2903097492038124
1036,0.00042611682974764704,0.0045,5.0,2.0,1.41,0.067,0.45,2113.0,-0.24904007743483475
1037,0.0009531935670269122,0.0104,3.0,3.6,1.56,0.078,0.43,672.0,-0.18630854722380552
1038,0.003500067141326274,0.044208332999999995,2.0,7.5,1.89,0.065,0.41,160.0,-0.12374725531885467
1039,0.0008363052208963475,0.0104,3.0,3.6,1.56,0.078,0.43,755.0,-0.20097308972768171
1040,0.0024461920620255455,0.044208332999999995,9.0,7.5,1.89,0.065,0.41,859.0,-0.14263567347962097
1042,0.0009558532695035663,0.0104,3.0,3.6,1.56,0.078,0.43,670.0,-0.18600068952217533
1043,0.0011568879581259387,0.044208332999999995,1.0,7.5,1.89,0.065,0.41,211.0,-0.18533776883720302
1044,0.00036320326809736374,0.0131,8.0,5.9,1.48,0.1,0.39,3558.0,-0.19268598788609964
1045,1.8695803461351172e-05,0.0002,3.0,0.5,1.09,0.07,0.36,2060.0,-0.03502922436860951
1049,0.0006134471959645762,0.297,3.0,14.5,2.68,0.045,0.43,514.0,-0.1554702790346035
1050,0.02741312471267822,0.297,1.0,14.5,2.68,0.045,0.43,30.0,-0.0705292562739001
1051,0.00069432712725166,0.0131,2.0,5.9,1.48,0.1,0.39,478.0,-0.13915055034618182
1052,0.0002994649325543704,0.0131,5.0,5.9,1.48,0.1,0.39,2493.0,-0.21048061986154953
1053,0.00017392763035546405,0.002,6.0,0.8,1.09,0.068,0.38,1003.0,-0.026064238374304938
1054,0.005242834356433559,0.145916667,4.0,12.4,2.28,0.057,0.41,178.0,-0.10453136502995473
1055,0.0003671056635356951,0.0104,6.0,3.6,1.56,0.078,0.43,3107.0,-0.3037242021688286
1057,0.006646727544920452,0.297,3.0,14.5,2.68,0.045,0.43,107.0,-0.09888925420685508
1058,0.003984656986874785,0.044208332999999995,10.0,7.5,1.89,0.065,0.41,646.0,-0.11710923597301284
1059,0.0003960368303493775,0.0104,2.0,3.6,1.56,0.078,0.43,979.0,-0.29341775875365733
1060,0.0005228330251623654,0.297,7.0,14.5,2.68,0.045,0.43,1246.0,-0.15990257603174407
1061,0.003788287624450078,0.044208332999999995,4.0,7.5,1.89,0.065,0.41,277.0,-0.1196849274990587
1062,0.00010045867340055089,0.0012,1.0,2.7,1.23,0.1,0.38,667.0,-0.09498332311094015
1063,0.0054359814466770915,0.145916667,9.0,12.4,2.28,0.057,0.41,355.0,-0.10350076987067319
1064,0.002735947197992854,0.044208332999999995,4.0,7.5,1.89,0.065,0.41,357.0,-0.1366401277793699
1065,8.671932084357832e-06,0.0002,3.0,0.5,1.09,0.07,0.36,5242.0,-0.15738146527306518
1066,0.008804869611262377,0.145916667,1.0,12.4,2.28,0.057,0.41,50.0,-0.09007603303972252
1067,2.0189455407898583e-05,0.002,4.0,0.8,1.09,0.068,0.38,5641.0,-0.5132070063023099
1068,0.022716709968731187,0.297,7.0,14.5,2.68,0.045,0.43,94.0,-0.07421701638186619
1069,0.0002870335098417413,0.0131,10.0,5.9,1.48,0.1,0.39,5547.0,-0.21451541766942459
1071,0.00019845022960218096,0.297,4.0,14.5,2.68,0.045,0.43,1471.0,-0.18900763616244173
1072,0.003314853932966423,0.044208332999999995,8.0,7.5,1.89,0.065,0.41,600.0,-0.12655992046822856
1073,1.720071140460591e-05,0.0007,1.0,1.0,1.23,0.08900000000000001,0.43,1862.0,-0.5442762161199924
1074,9.840956848711053e-05,0.002,8.0,0.8,1.09,0.068,0.38,2734.0,-0.08031539706416162
1076,0.0028238296469935945,0.044208332999999995,4.0,7.5,1.89,0.065,0.41,348.0,-0.1349628153421615
1077,0.0002095248858355804,0.0045,1.0,2.0,1.41,0.067,0.45,616.0,-0.374321919108081
1078,0.01393180559982111,0.145916667,4.0,12.4,2.28,0.057,0.41,91.0,-0.07770760487590542
1079,1.2133460592998133e-05,0.0007,1.0,1.0,1.23,0.08900000000000001,0.43,2096.0,-0.6237361830872881
1080,0.0020542723219225513,0.044208332999999995,4.0,7.5,1.89,0.065,0.41,446.0,-0.15217381019939738
1081,0.0006953972586963118,0.0104,9.0,3.6,1.56,0.078,0.43,2831.0,-0.22237835215979576
1083,0.00028536986625724324,0.044208332999999995,2.0,7.5,1.89,0.065,0.41,1069.0,-0.28184296894153127
1084,1.0854963211723111e-05,0.0012,1.0,2.7,1.23,0.1,0.38,4122.0,-0.4374671929690799
1085,0.008907572765374513,0.297,9.0,14.5,2.68,0.045,0.43,215.0,-0.09285363536422775
1087,0.00040489678303387555,0.0045,8.0,2.0,1.41,0.067,0.45,3804.0,-0.25851052410074754
1089,0.00017569371632458346,0.044208332999999995,6.0,7.5,1.89,0.065,0.41,4434.0,-0.3219394294403981
1092,0.0005849519239881096,0.0104,1.0,3.6,1.56,0.078,0.43,350.0,-0.24181680199675074
1093,0.004403424369994444,0.145916667,4.0,12.4,2.28,0.057,0.41,201.0,-0.1095552701391452
1094,0.00015254972786263925,0.0025,5.0,1.6,1.37,0.034,0.46,5612.0,-0.3825194367479413
1095,0.00044532327404606136,0.0104,9.0,3.6,1.56,0.078,0.43,4120.0,-0.2778628301466769
1096,0.001329814127828826,0.044208332999999995,2.0,7.5,1.89,0.065,0.41,335.0,-0.1770361410048347
1098,0.0012576841981439947,0.0131,2.0,5.9,1.48,0.1,0.39,281.0,-0.09736078439487007
1102,9.731747321552456e-05,0.0026,3.0,1.9,1.31,0.095,0.41,3328.0,-0.3753262911913278
1104,0.019349105458681168,0.297,5.0,14.5,2.68,0.045,0.43,81.0,-0.0773682779806754
1107,0.02009024315340399,0.297,6.0,14.5,2.68,0.045,0.43,90.0,-0.07662942068257195
1108,0.00012396464490278396,0.0025,1.0,1.6,1.37,0.034,0.46,912.0,-0.4023007305381608
1109,6.986113075850813e-05,0.0025,2.0,1.6,1.37,0.034,0.46,3875.0,-0.6020888140248952
1110,9.354350562388768e-05,0.044208332999999995,5.0,7.5,1.89,0.065,0.41,5901.0,-0.38051696474851127
1112,1.9066472431450714e-05,0.0002,4.0,0.5,1.09,0.07,0.36,3254.0,-0.033357483440694995
1113,0.002642430244985978,0.044208332999999995,3.0,7.5,1.89,0.065,0.41,281.0,-0.13849323158470433
1114,0.0028048022914354655,0.044208332999999995,6.0,7.5,1.89,0.065,0.41,516.0,-0.13532092056379127
1117,5.777142391849588e-06,0.0002,1.0,0.5,1.09,0.07,0.36,1615.0,-0.25145425275039457
1119,9.841219168314638e-05,0.0012,4.0,2.7,1.23,0.1,0.38,3524.0,-0.09717109712255827
1120,0.000181559165624419,0.002,3.0,0.8,1.09,0.068,0.38,327.0,-0.023522262216325758
1121,0.00014504648687373232,0.002,2.0,0.8,1.09,0.068,0.38,228.0,-0.03899940684200843
1122,6.938728533179899e-05,0.0012,3.0,2.7,1.23,0.1,0.38,3474.0,-0.1355626221628446
1123,0.015275746257672286,0.297,6.0,14.5,2.68,0.045,0.43,107.0,-0.08203075206095164
1124,9.149068037350974e-05,0.002,8.0,0.8,1.09,0.068,0.38,2943.0,-0.0904248781712328
1125,0.029328938259539847,0.297,9.0,14.5,2.68,0.045,0.43,97.0,-0.06920203174194912
1127,0.006270590246194755,0.297,2.0,14.5,2.68,0.045,0.43,85.0,-0.10010696823621586
1128,3.763036540458825e-05,0.0007,3.0,1.0,1.23,0.08900000000000001,0.43,5884.0,-0.38973297104779814
1130,0.004435670868643691,0.145916667,7.0,12.4,2.28,0.057,0.41,328.0,-0.10934333646517182
1134,0.0005222349610161447,0.0131,6.0,5.9,1.48,0.1,0.39,1908.0,-0.161569966510918
1135,6.216073104819808e-05,0.0012,2.0,2.7,1.23,0.1,0.38,2434.0,-0.14904728453727498
1136,0.00028217841508157833,0.0104,6.0,3.6,1.56,0.078,0.43,3857.0,-0.34090172286980963
1137,0.00015724762119446138,0.0025,5.0,1.6,1.37,0.034,0.46,5457.0,-0.37482996155162585
1138,0.00021474456583055947,0.0026,1.0,1.9,1.31,0.095,0.41,439.0,-0.20768679781078353
1139,0.009149555804396376,0.145916667,2.0,12.4,2.28,0.057,0.41,73.0,-0.08902878006498144
1142,0.017647340137488903,0.297,1.0,14.5,2.68,0.045,0.43,36.0,-0.07918039442600948
1143,4.892299963209217e-07,0.0002,1.0,0.5,1.09,0.07,0.36,3267.0,-0.819345984103175
1144,3.038099107379144e-05,0.0007,1.0,1.0,1.23,0.08900000000000001,0.43,1400.0,-0.4030678064146481
1146,0.001757643583605335,0.145916667,5.0,12.4,2.28,0.057,0.41,472.0,-0.13776253338344188
1147,0.0005845216367769559,0.0131,8.0,5.9,1.48,0.1,0.39,2379.0,-0.15250240755188899
1148,0.000107695955263704,0.002,1.0,0.8,1.09,0.068,0.38,138.0,-0.06868749622609249
1149,0.0002669771462302295,0.0045,4.0,2.0,1.41,0.067,0.45,2562.0,-0.34141149014736205
1152,0.00021891604982571204,0.0026,9.0,1.9,1.31,0.095,0.41,5549.0,-0.2081192839831503
1153,0.017874416885372647,0.297,5.0,14.5,2.68,0.045,0.43,85.0,-0.07892848771707876
1154,0.0007265992988466239,0.0131,9.0,5.9,1.48,0.1,0.39,2248.0,-0.13572475507606174
1155,0.00944289655117106,0.297,7.0,14.5,2.68,0.045,0.43,167.0,-0.09166590338143747
1156,0.0003145067859137939,0.044208332999999995,5.0,7.5,1.89,0.065,0.41,2366.0,-0.27427228298765016
1158,0.0002497171109671994,0.0025,4.0,1.6,1.37,0.034,0.46,2742.0,-0.26658445287228055
1160,4.585669797182403e-05,0.0026,1.0,1.9,1.31,0.095,0.41,1279.0,-0.5113241240285606
1161,1.3290716265502928e-05,0.0002,4.0,0.5,1.09,0.07,0.36,4835.0,-0.0745441872249048
1162,4.742359375038432e-06,0.0002,1.0,0.5,1.09,0.07,0.36,1882.0,-0.3060695692557161
1163,4.049209974998398e-05,0.0104,1.0,3.6,1.56,0.078,0.43,1626.0,-0.6352697581015299
1164,0.0001106507723998913,0.0026,2.0,1.9,1.31,0.095,0.41,1897.0,-0.34506249252499077
1165,0.012774564649854943,0.145916667,6.0,12.4,2.28,0.057,0.41,134.0,-0.08002464100871498
1166,0.0029533324340555874,0.145916667,5.0,12.4,2.28,0.057,0.41,325.0,-0.12142861469208678
1167,0.0003636692278021921,0.0045,3.0,2.0,1.41,0.067,0.45,1426.0,-0.2789060366338798
1168,4.223219422892497e-05,0.0007,3.0,1.0,1.23,0.08900000000000001,0.43,5234.0,-0.35231992249809013
1169,0.0013048376135918753,0.0131,4.0,5.9,1.48,0.1,0.39,555.0,-0.0949757335770357
1170,1.0909386310526377e-05,0.002,1.0,0.8,1.09,0.068,0.38,903.0,-0.5828720793377309
1171,0.0009118485268317079,0.0104,8.0,3.6,1.56,0.078,0.43,1972.0,-0.19123285674364934
1172,0.005684885367779759,0.145916667,8.0,12.4,2.28,0.057,0.41,309.0,-0.10223040041432956
1173,0.000309736477086125,0.0104,1.0,3.6,1.56,0.078,0.43,559.0,-0.3233821323511816
1174,0.0002734750547153258,0.0104,6.0,3.6,1.56,0.078,0.43,3957.0,-0.3454865268984712
1175,0.0009320522351995419,0.0104,7.0,3.6,1.56,0.078,0.43,1672.0,-0.1887933691853244
1179,0.0006754916047871878,0.0131,9.0,5.9,1.48,0.1,0.39,2394.0,-0.1412439759490517
1180,9.083402629439547e-05,0.0012,2.0,2.7,1.23,0.1,0.38,1637.0,-0.10538400991264751
1181,0.00031330192718512863,0.0104,3.0,3.6,1.56,0.078,0.43,1744.0,-0.3258379405498435
1182,0.00014142521884913785,0.002,8.0,0.8,1.09,0.068,0.38,1905.0,-0.04109957181770708
1183,0.0005042596669759876,0.0104,10.0,3.6,1.56,0.078,0.43,4170.0,-0.26182206931824287
1184,5.011512472659115e-05,0.0131,1.0,5.9,1.48,0.1,0.39,1709.0,-0.42055003857042966
1185,0.0008860952628137282,0.0104,4.0,3.6,1.56,0.078,0.43,959.0,-0.1944394529823271
1187,9.938537247573015e-05,0.0012,4.0,2.7,1.23,0.1,0.38,3491.0,-0.09618641335881763
1188,0.00022860732589040505,0.0025,5.0,1.6,1.37,0.034,0.46,3836.0,-0.2859782518240033
1191,0.0004128686502162595,0.0104,8.0,3.6,1.56,0.078,0.43,3855.0,-0.2878562191052766
1193,4.098468238207467e-05,0.0045,1.0,2.0,1.41,0.067,0.45,1299.0,-0.6865228371173453
1194,0.0002629436722443204,0.0045,5.0,2.0,1.41,0.067,0.45,3292.0,-0.3446401925657204
1195,0.002259369187558952,0.044208332999999995,3.0,7.5,1.89,0.065,0.41,317.0,-0.14694639937834925
1197,0.0009393129497596042,0.0104,8.0,3.6,1.56,0.078,0.43,1922.0,-0.1879323335537301
1198,0.000367195829137683,0.0045,3.0,2.0,1.41,0.067,0.45,1413.0,-0.2770458135510323
1199,0.00012120691128255372,0.0026,6.0,1.9,1.31,0.095,0.41,5833.0,-0.3250940600557815
1201,3.698952133372573e-05,0.0045,1.0,2.0,1.41,0.067,0.45,1332.0,-0.7033699486542752
1204,2.4809489713462524e-06,0.0007,1.0,1.0,1.23,0.08900000000000001,0.43,2469.0,-0.8576666094482388
1205,9.945695914642089e-05,0.145916667,4.0,12.4,2.28,0.057,0.41,3106.0,-0.256093125713183
1206,0.000578491347304396,0.145916667,4.0,12.4,2.28,0.057,0.41,863.0,-0.17711122542243693
1208,0.00038493214926395964,0.044208332999999995,3.0,7.5,1.89,0.065,0.41,1234.0,-0.25899921140222104
1211,0.0006197789120792104,0.145916667,9.0,12.4,2.28,0.057,0.41,1779.0,-0.17446884784496963
1215,0.00021187457907555378,0.044208332999999995,6.0,7.5,1.89,0.065,0.41,3846.0,-0.30598412286626764
1219,0.0004803672169602893,0.145916667,3.0,12.4,2.28,0.057,0.41,759.0,-0.18438401701462387
1223,9.720593317156737e-06,0.0026,1.0,1.9,1.31,0.095,0.41,1952.0,-0.7846398760562275
1225,0.0002494710275596965,0.044208332999999995,1.0,7.5,1.89,0.065,0.41,617.0,-0.2921924323740927
1226,5.3583971944636935e-05,0.0104,1.0,3.6,1.56,0.078,0.43,1466.0,-0.5910444600920371
1229,0.00037570737649641925,0.297,10.0,14.5,2.68,0.045,0.43,2221.0,-0.16938383375012436
1230,0.0015297537691387698,0.297,9.0,14.5,2.68,0.045,0.43,735.0,-0.13186438484815097
1233,0.00010135740480268967,0.0104,1.0,3.6,1.56,0.078,0.43,1096.0,-0.48909853709291523
1236,0.00010643924847528286,0.297,4.0,14.5,2.68,0.045,0.43,2284.0,-0.2100105110716913
1238,1.3561277695089476e-05,0.002,3.0,0.8,1.09,0.068,0.38,5519.0,-0.7014286318026361
1244,0.00024332354563854497,0.044208332999999995,9.0,7.5,1.89,0.065,0.41,5252.0,-0.2945819581400467
1246,0.00040589525741804925,0.044208332999999995,1.0,7.5,1.89,0.065,0.41,444.0,-0.2549184308390862
1247,2.9150086337098366e-05,0.0045,2.0,2.0,1.41,0.067,0.45,5815.0,-0.9676159940749468
1252,0.00032739007399297765,0.145916667,4.0,12.4,2.28,0.057,0.41,1308.0,-0.20010668634537215
1253,0.00061230983073561,0.145916667,8.0,12.4,2.28,0.057,0.41,1601.0,-0.1749314497310576
1256,9.840032771148198e-05,0.0104,1.0,3.6,1.56,0.078,0.43,1113.0,-0.4937885610122646
1259,0.0001287603323731621,0.0131,3.0,5.9,1.48,0.1,0.39,2914.0,-0.300304331913369
1260,0.00012140540370579681,0.0131,3.0,5.9,1.48,0.1,0.39,3056.0,-0.30738283818240697
1261,1.3975061770188313e-05,0.002,2.0,0.8,1.09,0.068,0.38,2907.0,-0.6595528906034951
1270,6.87238600081316e-05,0.0104,2.0,3.6,1.56,0.078,0.43,3700.0,-0.5871458365281041
1272,7.042046945618867e-05,0.0131,3.0,5.9,1.48,0.1,0.39,4718.0,-0.3788574926649333
1273,0.0024350679162943563,0.297,9.0,14.5,2.68,0.045,0.43,529.0,-0.12085455687055222
1280,0.00038738823513392656,0.044208332999999995,9.0,7.5,1.89,0.065,0.41,3666.0,-0.2585282934457268
1283,0.0006492228014553148,0.297,4.0,14.5,2.68,0.045,0.43,637.0,-0.1539215600536837
1288,0.0013842396390473177,0.145916667,1.0,12.4,2.28,0.057,0.41,152.0,-0.14567616285010548
1291,9.588650467752831e-05,0.044208332999999995,5.0,7.5,1.89,0.065,0.41,5793.0,-0.3780660781643446
1292,3.2257820105287564e-06,0.0007,1.0,1.0,1.23,0.08900000000000001,0.43,2482.0,-0.8334999968383193
1293,0.0012942147087995775,0.297,7.0,14.5,2.68,0.045,0.43,655.0,-0.1359785357018457
1295,0.0007828580702257571,0.145916667,7.0,12.4,2.28,0.057,0.41,1172.0,-0.16572815322072557
1304,0.0004993021669673456,0.145916667,2.0,12.4,2.28,0.057,0.41,518.0,-0.18285314969711985
1311,0.001139389750536527,0.145916667,5.0,12.4,2.28,0.057,0.41,647.0,-0.1523326313825599
1314,7.6477189769132e-05,0.0131,4.0,5.9,1.48,0.1,0.39,5938.0,-0.3673024843358965
1318,0.00034382144469276624,0.044208332999999995,7.0,7.5,1.89,0.065,0.41,3108.0,-0.2674607444797819
1322,0.000603091940281727,0.145916667,3.0,12.4,2.28,0.057,0.41,644.0,-0.17551147454428737
1324,0.00034037951909239106,0.145916667,4.0,12.4,2.28,0.057,0.41,1272.0,-0.19846487855613298
1327,0.0004362820682720462,0.145916667,10.0,12.4,2.28,0.057,0.41,2564.0,-0.1882381748587078
1329,0.0001950714639780265,0.145916667,10.0,12.4,2.28,0.057,0.41,4669.0,-0.22302148298766028
1331,0.0003796237032063258,0.044208332999999995,8.0,7.5,1.89,0.065,0.41,3300.0,-0.26002942418310476
1335,0.0009898974349413588,0.145916667,4.0,12.4,2.28,0.057,0.41,583.0,-0.15726310702577556
1339,9.145355382919821e-05,0.0104,3.0,3.6,1.56,0.078,0.43,4659.0,-0.5304596949100667
1340,8.66308148285918e-05,0.044208332999999995,4.0,7.5,1.89,0.065,0.41,4971.0,-0.38820673371196995
1341,6.590295572621757e-05,0.0131,1.0,5.9,1.48,0.1,0.39,1454.0,-0.38260977116337136
1343,7.650968425771084e-05,0.0131,4.0,5.9,1.48,0.1,0.39,5936.0,-0.36724369820639424
1353,4.49144755146698e-07,0.0007,1.0,1.0,1.23,0.08900000000000001,0.43,2017.0,-0.9318229167268816
1355,0.0002650178679969123,0.297,9.0,14.5,2.68,0.045,0.43,2580.0,-0.1798904379632703
1356,0.000570145774428057,0.297,2.0,14.5,2.68,0.045,0.43,384.0,-0.15748818373705076
1360,0.0010512428517521469,0.145916667,3.0,12.4,2.28,0.057,0.41,431.0,-0.15514251413139293
1361,0.0012684097492561806,0.145916667,6.0,12.4,2.28,0.057,0.41,709.0,-0.1486411977343388
1362,0.0005326793497540076,0.145916667,4.0,12.4,2.28,0.057,0.41,917.0,-0.18031235223001021
1365,0.0004414792938362543,0.044208332999999995,4.0,7.5,1.89,0.065,0.41,1465.0,-0.2489795065256872
1366,5.994272639892986e-05,0.0104,2.0,3.6,1.56,0.078,0.43,4057.0,-0.6159344637589298
1369,0.0006992194607944471,0.145916667,8.0,12.4,2.28,0.057,0.41,1451.0,-0.1699157072092233
1375,0.0002437030867571624,0.044208332999999995,9.0,7.5,1.89,0.065,0.41,5245.0,-0.2944553822898871
1378,0.002906289512989259,0.297,9.0,14.5,2.68,0.045,0.43,467.0,-0.11681793372596709
1381,9.257756063700056e-05,0.297,9.0,14.5,2.68,0.045,0.43,5499.0,-0.21498803406502248
1382,0.002139537584677062,0.297,7.0,14.5,2.68,0.045,0.43,460.0,-0.12385852373867343
1384,4.628956674248645e-05,0.0104,1.0,3.6,1.56,0.078,0.43,1550.0,-0.6142807739745596
1388,0.0018870846114724905,0.297,9.0,14.5,2.68,0.045,0.43,633.0,-0.12681720246385197
1390,0.0011950823067200405,0.297,3.0,14.5,2.68,0.045,0.43,327.0,-0.13796993544335764
1393,5.397118462715689e-06,0.0026,1.0,1.9,1.31,0.095,0.41,2014.0,-0.8477269063841626
1403,0.00016119823378699805,0.297,6.0,14.5,2.68,0.045,0.43,2497.0,-0.19580275057584645
1405,1.960720106020801e-06,0.0131,1.0,5.9,1.48,0.1,0.39,4278.0,-0.8563441920421423
1411,2.4616582744847065e-08,0.0002,1.0,0.5,1.09,0.07,0.36,1438.0,-0.943533225523801
1416,3.1348998909652708e-06,0.0045,1.0,2.0,1.41,0.067,0.45,1465.0,-0.9185264687285258
1417,0.00015844819182148862,0.297,8.0,14.5,2.68,0.045,0.43,3334.0,-0.19637452769178654
1424,8.884172302378463e-05,0.145916667,4.0,12.4,2.28,0.057,0.41,3370.0,-0.2620306218411244
1427,0.00025706845840075496,0.297,4.0,14.5,2.68,0.045,0.43,1225.0,-0.18083243181781505
1428,2.7055749841608595e-06,0.0104,1.0,3.6,1.56,0.078,0.43,2220.0,-0.9063624733483148
1430,8.190896478755584e-07,0.0045,1.0,2.0,1.41,0.067,0.45,1225.0,-0.94147314344932
1438,0.00012314795076479604,0.297,1.0,14.5,2.68,0.045,0.43,624.0,-0.20491730718363824
1443,1.4838458086786905e-06,0.0025,1.0,1.6,1.37,0.034,0.46,1712.0,-0.9307482259122835
1445,0.00014538260076252967,0.297,6.0,14.5,2.68,0.045,0.43,2689.0,-0.19925611002642157
1447,1.75152224864745e-06,0.0025,1.0,1.6,1.37,0.034,0.46,1749.0,-0.9273846673448221
1451,0.00020778940370766858,0.297,1.0,14.5,2.68,0.045,0.43,442.0,-0.18753162927236303
1453,0.00013864361240294265,0.145916667,9.0,12.4,2.28,0.057,0.41,5416.0,-0.23929475294850483
1459,6.930852327796565e-07,0.0007,1.0,1.0,1.23,0.08900000000000001,0.43,2171.0,-0.9222007212150951
1474,3.461957300112118e-06,0.0131,1.0,5.9,1.48,0.1,0.39,4164.0,-0.8044946353835254
1477,1.0779453221743902e-05,0.044208332999999995,1.0,7.5,1.89,0.065,0.41,3400.0,-0.6258997781879697
1482,1.3557877898452645e-07,0.0002,1.0,0.5,1.09,0.07,0.36,2666.0,-0.9112547641480191
1483,0.00027841253794428576,0.297,2.0,14.5,2.68,0.045,0.43,628.0,-0.17837408254596981
1490,0.00012339226039005235,0.145916667,3.0,12.4,2.28,0.057,0.41,2019.0,-0.24507581762008163
1498,5.096384416375427e-07,0.0026,1.0,1.9,1.31,0.095,0.41,1578.0,-0.9388969144199637
1500,0.0001302982449541361,0.145916667,5.0,12.4,2.28,0.057,0.41,3172.0,-0.24235955296220893
1501,2.2771184830882678e-05,0.044208332999999995,1.0,7.5,1.89,0.065,0.41,2473.0,-0.5333619564325902
1509,9.433505732722121e-06,0.0131,1.0,5.9,1.48,0.1,0.39,3477.0,-0.6749591567778903
1518,0.00011166693835120255,0.145916667,2.0,12.4,2.28,0.057,0.41,1496.0,-0.25012462412619535
1521,1.2884483005989274e-05,0.044208332999999995,1.0,7.5,1.89,0.065,0.41,3175.0,-0.6035385943948572
1523,0.00010741939160986874,0.145916667,7.0,12.4,2.28,0.057,0.41,5093.0,-0.2521097899528497
1530,1.949904419543744e-06,0.002,2.0,0.8,1.09,0.068,0.38,5462.0,-1.5299927642993638
1532,0.0001928250745935864,0.297,8.0,14.5,2.68,0.045,0.43,2895.0,-0.18993514494659594
1535,0.0002298462383721846,0.297,9.0,14.5,2.68,0.045,0.43,2858.0,-0.18433046232867997
1537,3.102985861873374e-06,0.0131,1.0,5.9,1.48,0.1,0.39,4203.0,-0.8157882149602269
1543,2.1039774959810996e-08,0.0002,1.0,0.5,1.09,0.07,0.36,1318.0,-0.9446046446750532
1544,0.00020350597713007223,0.297,8.0,14.5,2.68,0.045,0.43,2785.0,-0.18819937369963116
1546,0.0002193887974231836,0.297,10.0,14.5,2.68,0.045,0.43,3274.0,-0.18580250957492142
1559,0.0001419157481477366,0.145916667,6.0,12.4,2.28,0.057,0.41,3563.0,-0.23815179146505283
1571,0.00019088998895600337,0.297,4.0,14.5,2.68,0.045,0.43,1512.0,-0.19026140673212757
1573,0.00014404833185864937,0.145916667,6.0,12.4,2.28,0.057,0.41,3525.0,-0.23742343093883533
1579,3.12103323926121e-05,0.044208332999999995,2.0,7.5,1.89,0.065,0.41,5152.0,-0.5037626613834351
1581,1.6265589338560342e-06,0.002,1.0,0.8,1.09,0.068,0.38,1059.0,-0.8717709387387524
1583,6.654743030706472e-05,0.297,6.0,14.5,2.68,0.045,0.43,4693.0,-0.22719112398995978
1586,0.00014181969097287492,0.145916667,4.0,12.4,2.28,0.057,0.41,2402.0,-0.2381849011874924
1588,0.00026238556207278417,0.297,8.0,14.5,2.68,0.045,0.43,2320.0,-0.1801987403756748
1591,7.171449249551704e-05,0.145916667,2.0,12.4,2.28,0.057,0.41,2040.0,-0.27363246214315046
